Track Name,Artist,Genres,Energy,Acousticness,Danceability,Valence,Loudness,Instrumentalness,Speechiness,Liveness,Tempo,Lyrics
In Two II,Blue Hawaii,"art pop,chillwave,escape room,quebec indie",0.346,0.0732,0.939,0.5,-9.165,0.672,0.255,0.112,117.02,"In Two II LyricsOh God has left me in two
Not knowing where to go
Sometimes when I think back on my life
I see the one thing that has gone wrong
And that's never knowing when to put my foot down
It's only knowing how to get out
So what is instead?
So what is instead?
Closed time goes by
Just time goes by
Oh there's a cloud now swimming all around me
And on the other side, there's a family
Oh how much I want us for me by for so long
Oh how much I want us for me die try fighting for
So what is instead?
So what is instead?
In two
In two
Take my arms
Tie them in the bottom
A man with hands
He has nothing to show
Show
For a sigh who is
The bedding, a biggest
My emotions sprung
A silent all life long
I let you do this to me
It doesn't hurt
It only makes you sicker
And me wiser; the end to usYou might also likeEmbed"
Blue Gowns,Blue Hawaii,"art pop,chillwave,escape room,quebec indie",0.668,0.0881,0.616,0.344,-8.114,0.535,0.0369,0.0838,150.017,"Blue Gowns LyricsWhen love is spent
My time I do regret
And I ask myself
How stupid can I get

My day dreams go through
I think about you thrusting into her
And I ask myself
How stupid can you get

When love is spent
It is a time I do respect
And I ask myself
How foolish did we get
My day dreams go through
Now I no longer think of her
And I ask myself
How stupid do we getYou might also likeEmbed"
Lonelyhearts,Blue Hawaii,"art pop,chillwave,escape room,quebec indie",0.716,0.05,0.541,0.118,-9.902,0.544,0.0435,0.112,137.073,"​vwm’s immaculate collection LyricsVinylA Certain Ratio
- ""Lifes A Scream / There's Only This""

Al Caiola And His Orchestra
- ""The Magnificent Seven""

Alias
- Contraband
Amant
- ""If There's Love"" / ""Hazy Shades of Love""
America
- ""A Horse With No Name""

Andrew Gold
- ""Lonely Boy""

Andy Gibb
- Shadow Dancing
Andy Williams
- Love Theme From ""The Godfather""
Dvořák, Rochester Philharmonic Orchestra, José Iturbi
- Symphony No. 5, In E Minor
Arthur Laurents, Leonard Bernstein, Stephen Sondheim, Jerome Robbins
- West Side Story
Average White Band
- ""Pick Up the Pieces""

The B-52's
- The B-52's
- Wild Planet
- ""PARTY MIX!""
Bachman-Turner Overdrive
- Bachman-Turner Overdrive II
The Band
- The Band
Barbara Carroll
- Barbara Carroll
Barbra Streisand
- A Christmas Album
Barry Ryan
- ""Can't Let You Go""

Barry White
- Let the Music Play
The Beach Boys
- Concert
- ""Help Me Rhonda""
- Pet Sounds
- Wild Honey
The Beatles
- Meet the Beatles!
- A Hard Day's Night
- Rubber Soul
- Revolver
- ""Yesterday""...And Today
- Sgt. Pepper's Lonely Hearts Club Band
- ""Hello Goodbye""
- The Beatles
- The Beatles
- Abbey Road
- Abbey Road
- ""Hey Jude""
- ""You Know My Name (Look Up the Number)""
Bell & James
- ""LIVIN' IT UP (Friday Night)""

Bill Cosby
- Why is There Air?
Billy Joel
- Greatest Hits Volume I & Volume II
Billy Squier
- Emotions in Motion
B.J. Thomas
- ""Hooked on a Feeling""

Black Ice
- Black Ice
Blondie
- ""Heart of Glass""

Bob Conrad
- ""Ballin' the Jack""

Bobby Darin
- ""You Must Have Been A Beautiful Baby"" / ""Sorrow Tomorrow""

Bob Dylan
- Bringing it All Back Home
- Blonde on Blonde
- Bob Dylan's Greatest Hits
- Blood on the Tracks
Bobbi Humphrey
- Satin Doll
Bob James
- Three
Bob Seger | Bob Seger & The Silver Bullet Band
- Night Moves
- Stranger in Town
Brainstorm
- Journey to the Light
Brenda & The Tabulations
- ""Super Star / Everybody's Fool""

Brian Eno
- Another Green World
Brooklyn Dreams
- ""Street Man""

The Brothers Johnson
- Right on Time
- ""Stomp!""
- Blast!
Bruce Springsteen
- Born to Run
- Nebraska
- Born In the U.S.A.
Buffalo Springfield
- ""For What it's Worth""

Cameo
- ""Post Mortem / Good Times""

Carole King
- Tapestry
- Tapestry
Carpenters
- Close to You
- Ticket to Ride
The Cars
- The Cars
Cass ""Mama Cass"" Elliott
- Bubble Gum, Lemonade &... Something For Mama
Cat Stevens
- Numbers
César Franck
- ""Symphony In D Minor Part Elven / Symphony In D Minor Part Twelve""
- Symphony In D Minor Vol. 2
Cher
- ""Take Me Home""

Chris Rush
- First Rush
The Clash
- Combat Rock
Classics IV
- ""Traces / Mary, Mary Row Your Boat""

Claude Debussy
- Afternoon Of A Faun / Clouds / Festivals
Cory Daye
- ""Pow Wow / Green Light""

Creedence Clearwater Revival
- Creedence Clearwater Revival
- Bayou Country
- Green River
- ""Green River""
- Cosmo's Factory
The Crickets
- The ""Chirping"" Crickets
Crown Heights Affair
- ""(Do it) The French Way""

Cyndi Lauper
- ""Time After Time""

David Bowie
- Low
- Tonight
Deborah Washington
- Any Way You Want It
Diana Ross
- Diana
- Silk Electric
Dire Straits
- Dire Straits
The Disneyland Children's Sing-Along Chorus
- ""It's A Small World""

Dolly Parton
- ""9 to 5""

Don McLean
- American Pie
Donna Summer
- Bad Girls
Donovan
- ""Superman Sunshine""

The Doors
- The Doors
- The Doors
- Strange Days
- ""Hello, I Love You""
- ""Hello, I Love You""
- L.A. Woman
- L.A. Woman
Duran Duran
- Duran Duran
- Rio
- Arena | Recorded Around The World 1984
- ""Save A Prayer""

Dynasty
- ""I Don't Want to Be A Freak (But I Can't Help Myself)""

Eagles
- Eagles
- ""Hotel California / New Kid In Town""

Earth, Wind & Fire
- ""Let's Groove""

Eddie Fisher
- ""I'm in the Mood for Love""

Egon Petri
- Concerto No. 1 In B Flat Minor (For Piano And Orchestra)
El Coco
- ""Just Be You""

Elkie Brooks
- ""Nights in White Satin""

Elvis Costello & The Attractions
- This Year's Model
Eric Clapton
- Slowhand
- Backless
- Another Ticket
Esquire
- Esquire
Ferrante & Teicher
- ""Exodus"" / ""Twilight""
- ""Theme From The Apartment""

Flatt & Scruggs
- ""Theme From Bonnie & Clyde"" / ""My Cabin In Caroline""

Fleetwood Mac
- Rumours
- ""Gypsy""

Foreigner
- 4
The Foundations
- ""Build Me Up Buttercup""

Frank Ocean
- Blonde
French Link Springs Hotel Orchestra
- Monon Centennial Music
Funkadelic
- Funkadelic
- One Nation Under A Groove
- ""One Nation Under A Groove""

G.Q.
- ""Disco Nights (Rock-Freak)"" / ""Boogie Oogie Oogie""

The Gap Band
- ""You Dropped A Bomb On Me""

George Gershwin
-  An American In Paris
Giorgio Moroder
- Music From ""Battlestar Galactica"" and Other Original Compositions From Giorgio Moroder
Giuliano and His Orchestra
- A Touch Of Italy
Glenn Gould
- Bach: The Goldberg Variations (1982)

Gloria Gaynor
- ""I Will Survive""

Grand Funk Railroad
- Live Album
- Survival
The Grateful Dead
- American Beauty
- American Beauty
Guns N' Roses
- Appetite for Destruction
Harold Melvin & The Blue Notes featuring Theodore Pendergrass
- To Be True
Heart
- Magazine
Henry Mancini
- ""Love Theme From Romeo & Juliet / The Windmills Of Your Mind""

Herman's Hermits
- ""There's A Kind Of Hush (All Over The World)""

Holme
- ""Garden State Parkway Boogie""

The Human League
- ""Don't You Want Me (Special Extended Dance Mix) / Love Action (I Believe In Love)""

Impact
- ""Rainy Days, Stormy Nights / Carry Me Back""

The Incredible String Band
- Liquid Acrobat as Regards the Air
It's A Beautiful Day
- ...Today
James Swittel
- Hymns to the Sacred Heart of Jesus
Janet Jackson
- Janet Jackson
Janis Ian
- ""Society's Child (Baby I've Been Thinking)""

Janis Joplin
- Pearl
Jefferson Airplane
- The Worst Of Jefferson Airplane
Jeffrey Osborne
- Jeffrey Osborne
Jethro Tull
- Stand Up
Jimmy Buffett
- ""Margaritaville""

The Jimi Hendrix Experience
- Axis: Bold As Love
Jimmy Boyd
- ""I Saw Mommy Kissing Santa Claus / Thumbelina""

Joachim Ngoi
- ""Missa Luba""

Joe Walsh
- ""But Seriously, Folks...""
John Cale
- Paris 1919
John F. Kennedy
- A Memorial Album
John Lennon
- John Lennon / Plastic Ono Band
- Imagine
John Sebastian
- ""The Four of Us""
Joni Mitchell
- Blue
- Court and Spark
- The Hissing Of Summer Lawns
The Juan Maclean
- ""Dance With Me""

Joy Division
- Closer
Karen Young
- ""Hot Shot""

Kenny Logins
- ""Danger Zone""

The Kinks
- ""All Day And All Of The Night""

KISS
- Alive!
- Ace Frehley
Kool & The Gang
- ""Celebration""

Kraftwerk
- Trans-Europe Express
Le Pamplemousse
- ""Le Spank""

Led Zeppelin
- Led Zeppelin
- ""Whole Lotta Love""
- *
- Physical Graffiti
Long Sound Drifters
- ""We're All Gettin' Higher Down In New Orleans / I Can't Seem To Forget You""

The Look UK
- The Look UK
Lou Rawls
- When You Hear Lou, You've Heard It All
Lou Reed
- Rock N Roll Animal
- Street Hassle
Ludwig van Beethoven
- Symphony No. 3 In E Flat ""Eroica""
Love
- Love
Lynyrd Skynyrd
- ""Sweet Home Alabama""

M
- ""Pop Muzik""

Madonna
- Madonna
- ""Angel""
- ""Papa Don't Preach""

The Mamas & The Papas
- ""California Dreamin'""

Mario Lanza
- Mario Lanza Sings The Hit Songs From The Student Prince
- ""Be My Love"" / ""I'll Never Love You""
- The Toast Of New Orleans
- ""Arrivederci Roma"" / ""Younger Than Springtime""

Mark Dinning
- ""Teen Angel"" / ""Bye Now Baby""

Men At Work
- Business As Usual
Michael Jackson
- Off the Wall
Mitch Ryder And The Detroit Wheels
- ""Too Many Fish In The Sea & Three Little Fishies / One Grain Of Sand""

Mobb Deep
- ""Survival of the Fittest""

The Monkees
- More of the Monkees
The Moody Blues
- ""Tuesday Afternoon (Forever Afternoon)""
- Days Of Future Passed
Neil Young | Neil Young and Crazy Horse
- Everybody Knows This Is Nowhere
- After the Gold Rush
- After the Gold Rush
- Harvest
- Tonight's the Night
- Rust Never Sleeps
Nena
- ""99 Red Balloons""

New Order
- ""Confusion""

Nina Simone
- In Concert
- The High Priestess Of Soul
Nirvana
- Nevermind
Norma Jean
- ""Saturday""

Patti Smith
- Horses
Pink Floyd
- Meddle
- Dark Side of the Moon
- Animals
Pointer Sisters
- ""He's So Shy""

The Police
- Regatta de Blanc
- ""De Do Do Do, De Da Da Da""
- Zenyatta Mondatta
- ""Every Breath You Take""
- Synchronicity
Prince | Prince & The Revolution
- Dirty Mind
- 1999
- Purple Rain
- Sign O' the Times
- Around the World In A Day
- ""If I Was Your Girlfriend""

Pyotr Tchaikovsky
- Nutcracker Suite, Op. 71a
- ""The Swan Lake"" Ballet Suite. Op. 20 / ""The Sleeping Beauty""- Ballet Suite, Op. 66
Randy Newman
- Sail Away
R.E.M.
- Reckoning
Rhythm Heritage
- Sky's the Limit
Richard Harris
- ""Mac Arthur Park""

Rick Springfield
- Working Class Dog
Rickie Lee Jones
- Rickie Lee Jones
Ringo Starr
- Ringo
Roberta Flack
- ""Killing Me Softly With His Kindness""

The Roches
- Another World
Rod Stewart
- Blondes Have More Fun
Roger Daltrey
- Daltrey
- One of the Boys
Roger McGuinn
- Thunderbyrd
The Rolling Stones
- Out of Our Heads
- Got Live if You Want It!
- Flowers
- Their Satanic Majesties Request
- Through the Past, Darkly
- Let it Bleed
- Get Yer Ya-Ya's Out! - The Rolling Stones In Concert
- Sticky Fingers
- Exile On Main St.
- Goats Head Soup
- Black And Blue
- 30 Greatest Hits
- Love You Live
- Some Girls
- Emotional Rescue
- Still Life (American Concert 1981)
- Undercover
- Dirty Work
The Romantics
- In Heat
The Routers
- ""LET'S GO (pony)""

The Royal Guardsmen
- ""Snoopy Vs. The Red Baron""

Sammy Hagar
- ""I Can't Drive 55""

Santana
- Inner Secrets
Sex Pistols
- Never Mind The Bollocks Here's The Sex Pistols
Shotgun
- Good, Bad & Funky
Simon & Garfunkel
- Wednesday Morning, 3 A.M.
- ""Mrs. Robinson""
- ""Bridge Over Troubled Water""
- Bridge Over Troubled Water
Slave
- ""Just A Touch Of Love""

Sly & The Family Stone
- There's A Riot Goin' On
The Smiths
- Hatful of Hollow
Sonic Youth
- EVOL
Stan Kenton
- The Ballad Style of Stan Kenton
Steely Dan
- Aja
Steppenwolf
- ""Born to be Wild""

Steve Miller Band
- Fly Like an Eagle
Stevie Wonder
- Songs in the Key of Life
- ""I Just Called to Say I Love You""

Sting
- ...Nothing Like the Sun
The Stone Roses
- The Stone Roses
Sugarhill Gang
- ""Rapper's Delight""

Supertramp
- Breakfast in America
Sylvester
- ""Someone Like You""

Talk Talk
- ""It's My Life""

Talking Heads
- Fear of Music
- Remain in Light
- Speaking in Tongues
Tears For Fears
- ""Everybody Wants To Rule The World""

Teegarden & Van Winkle
- But Anyhow, Teegarden & Van Winkle
Teenage Jesus And The Jerks
- Teenage Jesus And The Jerks
Three Dog Night
- ""One""

Tom Jones
- Live! At the Talk of the Town
Tommy James & The Shondells
-  Crimson & Clover
Topaz
- Topaz
Tyrone Davis
- I Can't Go On This Way
Various
- 98.7 Kiss FM Presents Shep Pettibone's Master Mixes
- Selections From ""Bloomer Girl""
- ""Take Me Out To The Ball Game / The Umpire // Casey At The Bat""
- WOR FM 98.7: Solid Gold
- Disco Hustle
- Flashdance (Original Soundtrack From The Motion Picture)
- Thank God It's Friday (The Original Motion Picture Soundtrack)
The Velvet Underground
- The Velvet Underground
- Loaded
- Live At Max's Kansas City
The Ventures
- ""Hawaii Five-O""

Victor Young
- Around the World in 80 Days
Wang Chung
- ""Dance Hall Days""

The Whispers
- ""And the Beat Goes On""

The Who
- Tommy
- Odds & Sods
Woody Herman And His Woodchoppers
- Woody Herman And His Woodchoppers
X-Ray Spex
- Germfree Adolescents
XTC
- English Settlement
Yes
- Tormato
Test Pressings
- *
- *
- *Cassettes
Michael Jackson
- Off the Wall
Pat Benatar
- Get Nervous
Talking Heads
- Talking Heads: 77
- Speaking in TonguesCDs
The Beatles
- The Beatles In Mono
Bob Dylan
- Highway 61 Revisited
Creedence Clearwater Revival
- Chronicle (The 20 Greatest Hits)
The Doors
- The Best of the Doors [2x CD]
- The Best of the Doors
Green Day
- Dookie
- nimrod.
Alanis Morissette
- Jagged Little Pill
Nirvana
- IN UTERO
Pixies
- TROMPE LE MONDE
Lou Reed
- Rock N Roll Animal
Pink Floyd
- Atom Heart Mother
The Rolling Stones
- Sticky Fingers
- Hot Rocks 1964 - 1971
- Goats Head Soup
- Rewind (1971-1984)
- Steel Wheels
Sade
- Diamond Life
- Promise
Smashing Pumpkins
- Siamese Dream
Various
- EMI Music Resources: The Standards (Volume 1)
- wfuv 90.7 New Names New Music
The Velvet Underground
- The Velvet Underground & Nico
- The Velvet Underground
- VUEmbed"
I Felt Love,Blue Hawaii,"art pop,chillwave,escape room,quebec indie",0.684,0.156,0.79,0.576,-7.748,0.0829,0.0588,0.0743,132.99,"I Felt Love Lyrics[Verse 1]
It's too loud
Talkin' to you in all these airports
You can't hear me
I'm puttin' too much on the line
And you're tellin' me not to worry
It's too loud
Talkin' to you in all these airports
You can't hear me
I'm puttin' too much on the line
And you're tellin' me not to worry
But the tone of your voice
Is makin' me want to cry
The tone of your voice
Is makin' me want to cry
[Chorus]
I sink my face to my hand
Universe, I don't wanna be alone again
'Cause I felt love
Stronger than a river
That drowns the swimmer
I'm gasping for air
Need to come up

[Verse 2]
I'm three minutes to boarding
Just tell me I'm all you need
I'm three minutes to boarding
Just tell me I'm all you need
And won't fool around again, oh
Don't fool around again

[Chorus]
Lean against the speckle stall
Right eye is tearing up, straight up
Sink my face to my hands
Universe, I don't wanna be alone again
'Cause I felt love
Stronger than a river
That drowns the swimmer
I'm gasping for air
'Cause I felt love
Gasping for air
'Cause I felt love
I'm gasping for air
'Cause I felt love
I'm gasping for airYou might also likeEmbed"
Rosa Morena,João Gilberto,"bossa nova,brazilian jazz,cool jazz,jazz guitar,mpb,samba,violao",0.163,0.832,0.569,0.54,-15.303,6.32e-06,0.0463,0.0669,155.391,"Rosa Morena Lyrics[Letra de ""Rosa Morena""]

[Verso]
Rosa morena
Onde vais, morena Rosa
Com essa rosa no cabelo e esse andar de moça prosa?
Morena, morena Rosa
Ô, rosa morena
Onde vais, morena Rosa
Com essa rosa no cabelo e esse andar de moça prosa?
Morena, morena Rosa
Rosa morena, o samba está esperando
Esperando pra te ver
Deixa de lado esta coisa de dengosa
Anda, Rosa, vem me ver
Deixa da lado esta pose
Vem pro samba, vem sambar
Que o pessoal tá cansado de esperar
[Saída]
Ô Rosa, que o pessoal tá cansado de esperar
Morena Rosa, que o pessoal tá cansado de esperar
Viu, Rosa? Que o pessoal tá cansado de esperarYou might also likeEmbed"
Morena Boca De Ouro (Brunette With a Mouth of Gold),João Gilberto,"bossa nova,brazilian jazz,cool jazz,jazz guitar,mpb,samba,violao",0.295,0.781,0.637,0.599,-12.875,0,0.0358,0.127,85.236,
A Felicidade (Cantando As Musicas do Fil Orfeo do Carnaval),João Gilberto,"bossa nova,brazilian jazz,cool jazz,jazz guitar,mpb,samba,violao",0.464,0.465,0.422,0.879,-11.373,0,0.039,0.108,100.44,
Hó-Bá-Lá-Lá,João Gilberto,"bossa nova,brazilian jazz,cool jazz,jazz guitar,mpb,samba,violao",0.281,0.689,0.624,0.605,-15.18,7.04e-05,0.0317,0.129,140.354,"Ho-Bá-Lá-Lá Lyrics[Letra de ""Hó-Bá-Lá-Lá""]

[Intro]
Dju-bum-dju
Um-pó-um-bó
Dju-bum-dju
Um-pó-um-bó

[Verso 1]
É amor
O hó-bá-lá-lá, hó-bá-lá-lá
Uma canção
[Verso 2]
Quem ouvir o hó-bá-lá-lá
Queira feliz o coração
O amor encontrará ouvindo esta canção
Alguém compreenderá seu coração

[Verso 3]
Vem ouvir
O hó-bá-lá-lá, hó-bá-lá-lá
Esta canção

[Verso 1]
É amor
O hó-bá-lá-lá, hó-bá-lá-lá
Uma canção

[Verso 2]
Quem ouvir o hó-bá-lá-lá
Terá feliz o coração
O amor encontrará ouvindo esta canção
Alguém compreenderá seu coração

[Verso 3]
Vem ouvir
O hó-bá-lá-lá, hó-bá-lá-lá
Esta canção bá-lá-lá, hó-bá-lá-lá
Hó-bá-lá-lá, hó-bá-lá-lá
Hó-bá-lá-lá
Hó-bá-lá-lá, hó-bá-lá-lá
Hó-bá-lá-lá, hó-bá-lá-lá
Hó-bá-lá-lá, hó-bá-lá-lá...You might also likeEmbed"
O Nosso Amor (Our Love) [Cantando As Musicas do Fil Orfeo do Carnaval],João Gilberto,"bossa nova,brazilian jazz,cool jazz,jazz guitar,mpb,samba,violao",0.402,0.619,0.419,0.805,-13.753,0,0.0416,0.157,106.291,
E Luxo Só,João Gilberto,"bossa nova,brazilian jazz,cool jazz,jazz guitar,mpb,samba,violao",0.346,0.799,0.594,0.794,-16.388,0.000447,0.0315,0.069,109.469,"É Luxo Só Lyrics[Verso]
Olha, esta mulata quando dança
É luxo só
Quando todo seu corpo se embalança
É luxo só
Tem um não sei quê
Que faz a confusão
O que ela não tem meu Deus
É compaixão
Êta, mulata bamba
Olha, esta mulata quando dança
É luxo só
Quando todo seu corpo se embalança
É luxo só
Porém seu coração quando palpita
E se agita mais ligeiro
Nunca vi compasso tão brasileiro
[Saída]
Êta, samba, cai pra lá
Cai pra cá, cai pra lá, cai pra cá
Êta, samba, cai pra lá
Cai pra cá, cai pra lá, cai pra cá
Mexe com as cadeiras, mulata
E o requebrado me maltrata, ai aiYou might also likeEmbed"
Lobo Bobo,João Gilberto,"bossa nova,brazilian jazz,cool jazz,jazz guitar,mpb,samba,violao",0.295,0.812,0.704,0.823,-14.501,0,0.042,0.113,92.91,"Lobo Bobo Lyrics[Letra de ""Lobo Bobo""]

[Verso 1]
Era uma vez um lobo mau
Que resolveu jantar alguém
Estava sem vintém
Mas arriscou e logo se estrepou

[Verso 2]
Um chapeuzinho de maiô
Ouviu buzina e não parou
Mas lobo mau insiste
E faz cara de triste
[Verso 3]
Mas chapeuzinho ouviu
Os conselhos da vovó
Dizer que não pra lobo
Que com lobo não sai só

[Verso 4]
Lobo canta, pede, promete
Tudo até amor
E diz que fraco de lobo
É ver um chapeuzinho de maiô

[Verso 5]
Mas chapeuzinho percebeu
Que o lobo mau se derreteu
Pra ver você que lobo
Também faz papel de bobo

[Saída]
Só posso lhe dizer, chapeuzinho agora traz
O lobo na coleira que não janta
Nunca mais, lobo bobo, uhYou might also likeEmbed"
Saudade Fêz Um Samba,João Gilberto,"bossa nova,brazilian jazz,cool jazz,jazz guitar,mpb,samba,violao",0.301,0.831,0.709,0.876,-14.697,0,0.0508,0.0909,87.841,"Saudade Fêz Um Samba Lyrics[Letra de ""Saudade Fêz Um Samba""]

[Verso]
Deixa que o meu samba
Sabe tudo sem você
Não acredito que o meu samba
Só dependa de você

[Refrão]
A dor é minha, em mim doeu
A culpa é sua, o samba é meu
Então não vamos mais brigar
Saudade fez um samba em seu lugar
[Verso]
Deixa que o meu samba
Sabe tudo sem você
Não acredito que o meu samba
Só dependa de você

[Refrão]
A dor é minha, em mim doeu
A culpa é sua, o samba é meu
Então não vamos mais brigar
Saudade fez um samba em seu lugar

[Verso]
Deixa que o meu samba
Sabe tudo sem você
Não acredito que o meu samba
Só dependa de você

[Refrão]
A dor é minha, em mim doeu
A culpa é sua, o samba é meu
Então não vamos mais brigar
Saudade fez um samba em seu lugar, benzinho
Saudade fez um samba em seu lugar

[Saída]
Clem-dom-clem-dom-clem, dom-clem-dom
Clem-dom-clem-dom-clem, dom-clem-dom
Clem-dom-clem-dom-clem, dom-clem-domYou might also likeEmbed"
María Ninguém,João Gilberto,"bossa nova,brazilian jazz,cool jazz,jazz guitar,mpb,samba,violao",0.138,0.881,0.694,0.698,-16.215,1.78e-06,0.0533,0.145,118.297,"Maria Ninguém Lyrics[Letra de ""Maria Ninguém""]

[Intro]
Pode ser que haja uma melhor, pode ser
Pode ser que haja uma pior, muito bem
Mas igual à Maria que eu tenho
No mundo inteirinho igualzinha não tem

[Verso 1]
Maria Ninguém
É Maria e é Maria, meu bem
Se eu não sou João de nada
Maria que é minha é Maria Ninguém
[Verso 2]
Maria Ninguém
É Maria como as outras também
Só que tem que ainda é melhor
Do que muita Maria que há por aí
Marias tão frias, cheias de manias
Marias vazias pro nome que têm

[Verse 3]
Maria Ninguém
É um dom que muito homem não tem
Haja vista quanta gente que chama Maria
E Maria não vem

[Verso 4]
Maria Ninguém
É Maria e é Maria, meu bem
Eu não sou João de nada
Maria que é minha é Maria Ninguém

[Ponte]
Tum-tom-dim-gum-gum
Po-pum-bó-dó-clim-bum-dum-dum
Dom-dom-dom-dom-gum-gum-gum
Gnom-glem-glum-glum-glum-glam
Hm-hm-hm-hm-hm, dó-ró-ró-ró
You might also like[Verso 3]
Maria Ninguém
É um dom que muito homem não tem
Haja vista quanta gente que chama Maria
E Maria não vem

[Verse 1]
Maria Ninguém
É Maria e é Maria, meu bem
Se eu não sou João de nada
Maria que é minha é Maria NinguémEmbed"
Aos Pés da Cruz,João Gilberto,"bossa nova,brazilian jazz,cool jazz,jazz guitar,mpb,samba,violao",0.272,0.793,0.643,0.785,-15.094,5.52e-06,0.0373,0.126,143.753,"Aos Pés da Cruz Lyrics[Letra de ""Aos Pés da Cruz""]

[Verso 1]
Aos pés da Santa Cruz
Você se ajoelhou
Em nome de Jesus
Um grande amor você jurou
Jurou, mas não cumpriu
Fingiu e me enganou
Pra mim você mentiu
Pra Deus você pecou
[Verso 2]
O coração tem razões
Que a própria razão desconhece
Faz promessas e juras
Depois esquece
Seguindo este princípio
Você também prometeu
Chegou até a jurar um grande amor
Mas depois esqueceu

[Saída]
Pó-pó, pum-bó-pó-pó-ió-ró-ió-ró
Pum-bó-pó-ió
Pó-pó, pum-bó-pó-pó-ió-ró-ró-ró
Ó-ró-ióYou might also likeEmbed"
Doralice,João Gilberto,"bossa nova,brazilian jazz,cool jazz,jazz guitar,mpb,samba,violao",0.321,0.895,0.696,0.964,-17.324,0,0.053,0.106,88.811,"Doralice Lyrics[Verso 1]
Doralice eu bem que te disse
Amar é tolice, é bobagem, ilusão
Eu prefiro viver tão sozinho
Ao som do lamento do meu violão

[Refrão]
Doralice eu bem que te disse
Olha essa embrulhada em que vou me meter
Agora amor, Doralice meu bem
Como é que nós vamos fazer?
[Verso 2]
Doralice eu bem que te disse
Amar é tolice, é bobagem, ilusão
Eu prefiro viver tão sozinho
Ao som do lamento do meu violão

[Refrão]
Doralice eu bem que te disse
Olha essa embrulhada em que vou me meter
Agora amor, Doralice meu bem
Como é que nós vamos fazer?

[Verso 3]
Um belo dia você me surgiu
Eu quis fugir mas você insistiu
Alguma coisa bem que andava me avisando
Até parece que eu estava adivinhando

[Outro]
Eu bem que não queria me casar contigo
Bem que não queria enfrentar esse perigo, Doralice
Agora você tem que me dizer
Como é que nós vamos fazer?You might also likeEmbed"
Chega de Saudade,João Gilberto,"bossa nova,brazilian jazz,cool jazz,jazz guitar,mpb,samba,violao",0.247,0.73,0.532,0.67,-15.507,0,0.0339,0.18,87.995,"Chega de Saudade Lyrics[Letra de ""Chega de Saudade"" com João Gilberto]

[Pré-Refrão]
Vai minha tristeza
E diz a ela que sem ela não pode ser
Diz-lhe numa prece que ela regresse
Porque eu não posso mais sofrer

[Refrão]
Chega de saudade
A realidade é que sem ela não há paz
Não há beleza, é só tristeza e melancolia
Que não sai de mim, não sai de mim, não sai
[Pós-Refrão]
Mas se ela voltar, se ela voltar
Que coisa linda, que coisa louca
Pois há menos peixinhos a nadar no mar
Do que os beijinhos que eu darei na sua boca

[Verso]
Dentro dos meus braços
Os abraços hão de ser milhões de abraços
Apertado assim, colado assim, calado assim
Abraços e beijinhos e carinhos sem ter fim
Que é pra acabar com esse negócio de viver longe de mim

[Pré-Refrão]
Vai minha tristeza
E diz a ela que sem ela não pode ser
Diz-lhe numa prece que ela regresse
Porque eu não posso mais sofrer

[Refrão]
Chega de saudade
A realidade é que sem ela não há paz
Não há beleza, é só tristeza e melancolia
Que não sai de mim, não sai de mim, não sai

[Pós-Refrão]
Mas se ela voltar, se ela voltar
Que coisa linda, que coisa louca
Pois há menos peixinhos a nadar no mar
Do que os beijinhos que eu darei na sua boca
You might also like[Refrão]
Dentro dos meus braços
Os abraços hão de ser milhões de abraços
Apertado assim, colado assim, calado assim
Abraços e beijinhos e carinhos sem ter fim
Que é pra acabar com esse negócio de viver longe de mim

[Saída]
Não quero mais esse negócio de você viver assim
Vamos deixar desse negócio de você viver sem mim4Embed"
Chega de Saudade,João Gilberto,"bossa nova,brazilian jazz,cool jazz,jazz guitar,mpb,samba,violao",0.247,0.73,0.532,0.67,-15.507,0,0.0339,0.18,87.995,"Chega de Saudade Lyrics[Letra de ""Chega de Saudade"" com João Gilberto]

[Pré-Refrão]
Vai minha tristeza
E diz a ela que sem ela não pode ser
Diz-lhe numa prece que ela regresse
Porque eu não posso mais sofrer

[Refrão]
Chega de saudade
A realidade é que sem ela não há paz
Não há beleza, é só tristeza e melancolia
Que não sai de mim, não sai de mim, não sai
[Pós-Refrão]
Mas se ela voltar, se ela voltar
Que coisa linda, que coisa louca
Pois há menos peixinhos a nadar no mar
Do que os beijinhos que eu darei na sua boca

[Verso]
Dentro dos meus braços
Os abraços hão de ser milhões de abraços
Apertado assim, colado assim, calado assim
Abraços e beijinhos e carinhos sem ter fim
Que é pra acabar com esse negócio de viver longe de mim

[Pré-Refrão]
Vai minha tristeza
E diz a ela que sem ela não pode ser
Diz-lhe numa prece que ela regresse
Porque eu não posso mais sofrer

[Refrão]
Chega de saudade
A realidade é que sem ela não há paz
Não há beleza, é só tristeza e melancolia
Que não sai de mim, não sai de mim, não sai

[Pós-Refrão]
Mas se ela voltar, se ela voltar
Que coisa linda, que coisa louca
Pois há menos peixinhos a nadar no mar
Do que os beijinhos que eu darei na sua boca
You might also like[Refrão]
Dentro dos meus braços
Os abraços hão de ser milhões de abraços
Apertado assim, colado assim, calado assim
Abraços e beijinhos e carinhos sem ter fim
Que é pra acabar com esse negócio de viver longe de mim

[Saída]
Não quero mais esse negócio de você viver assim
Vamos deixar desse negócio de você viver sem mim4Embed"
Baiãozinho,Roberto Menescal E Seu Conjunto,bossa nova,0.409,0.863,0.622,0.676,-13.176,0.747,0.0368,0.105,105.553,
Sambongo,João Donato E Seu Trio,bossa nova,0.495,0.723,0.622,0.776,-15.83,0.918,0.0385,0.0808,112.48,
Balança Pema,Jorge Ben Jor,"bossa nova,manguebeat,mpb,samba,samba-rock,tropicalia",0.319,0.639,0.615,0.828,-9.178,0,0.0376,0.142,90.998,"Balança Pema LyricsBalança a Pema
Balança sem parar
Arrasta as sandálias
Arrasta até gastar

Pois quando você sambalança
Sambalançao meu coração também
Ele sambalança certinho
Juntinho com o seu vai e vem

Balança a Pema
Balança sem parar
Arrasta as sandálias
Arrasta até gastar
Se você jurar
Me ensinar
Sambalançar assim
Eu lhe darei
Uma sandália de prata
Para você sambalançar só prá mim

Balança a Pema
Sacudindo bem
Balança sem parar
Arrasta as sandálias
Sacudindo bem
Arrasta até gastar

Balança a Pema
Sacudindo bem
Balança sem parar
Arrasta as sandálias
Arrasta até gastarYou might also like1Embed"
Maria Ninguém,Bola Sete,"bossa nova,brazilian jazz",0.245,0.967,0.79,0.48,-16.009,0.678,0.0385,0.108,107.416,"2345meia78 Lyrics[Intro]

[Verso 1]
Fim de semana chegando, e o coitado tá no osso
Mas acaba de encontrar a solução
Coloca um caderninho no bolso
Apanha umas fichas e corre pra um orelhão
É o seu velho caderninho de telefone
Com o nome e o número de um monte de mulher
E ele vai ligar pra todas
Até conseguir chamar uma gata pra sair e dar um rolé
[Refrão]
2345-meia-78
Tá na hora de molhar o biscoito
Eu tô no osso, mas eu não me canso
Tá na hora de afogar o ganso

[Verso 2]
Letra ""A"", vamos começar:
Alô, por favor, Ana Maria está?
(Ela saiu com o namorado, quer deixar recado?)
Não, obrigado, deixa pra lá
Letra ""B"", vou ligar pra essa Bianca
Tem cara de carranca, mas dá pra dar o bote
Desligou na minha cara, que tristeza
Chamei ela de princesa, e ela pensou que fosse trote
Que se dane, é até melhor assim
Eu vou ligar pra Dani, que ela é gamadinha em mim
Oi, Danizinha, lembra do animal?
(Não conheço ninguém com esse nome, tchau)
Deve estar com amnésia, vou pra letra ""E""
2, bola-gato, 69, bola-sete
É a bola da vez, a Elizabete
Dizem as más línguas que ela é boa de-- (Alô!)
Alô, a Beth está?
(Tá, mas não pode falar
Ela tá de boca cheia, e eu tô comendo, rapá)!
Que azar, liguei na hora errada
A hora da refeição é uma hora sagrada
Meu caderninho de telefone parece um cardápio
E faz um tempo que eu não como nada
You might also like[Refrão]
2345-meia-78
Tá na hora de molhar o biscoito
Eu tô no osso, mas eu não me canso
Tá na hora de afogar o ganso

[Verso 2]
Letra ""F"", quem não arrisca, não petisca
Alô, é da casa da Francisca?
(Ela se mudou, casou com um delegado de polícia, quer o número?)
Tô fora, risquei da minha lista
Há muito tempo, eu conheci a Dona Guta, uma coroa enxuta
Como será que ela tá?
(Dona Guta? Vou chamar
Vovó! Telefone!)
(Hein?)
Achei melhor desligar
Tentei o ""H"", o ""I"", e o ""J""
E, até agora, não arrumei uma... gata
""L"", ""M"", ""N"", ""O""
A cada letra que passa, eu me sinto mais só
""P"", ""Q"", ""R"", S.O.S
Socorro, eu já tô na letra ""X""!
Meu caderninho de telefone já está perto do fim
E eu tô longe de um final feliz
[Refrão]
2345-meia-78
Tá na hora de molhar o biscoito
Eu tô no osso, mas eu não me canso
Tá na hora de afogar o ganso

[Verso 3]
Ainda falta a letra ""Z""
Mas acabaram as fichas, o quê que eu vou fazer?
Disk-Sex? Ah, qualé!
Chega de conversa, o que eu quero é uma mulher
Já sei, vou ligar pro 102, o Disk-Informações
Não há nada errado nisso
(Informações, Creusa, pois não?)
Só queria uma informação, pode ser ou tá difícil?
(Queira desculpar, mas o telefone referente a este número não consta no cadastro)
Vou ligar pra Zulmira, mas nem adianta
Ela nunca dá mole pra ninguém
Mas eu já levei um fora do alfabeto inteiro
Quê que tem levar um ""não"" dela, também?
Alô! Zulmira? Vai fazer o quê hoje?
(Ah, não sei, vamos num cinema...)
Quando a esmola é demais, o santo desconfia
Essa mina deve estar com algum problema
Chegando no local que ela escolheu
Não-sei-o-quê-lá-do-reino-de-Deus
Olha o nome do filme: ""Jesus Cristo é o Senhor""
É comédia?
(Não é filme, o cinema acabou
Virou igreja evangélica, e eu só te trouxe aqui
Pra 'cê comprar pra mim uma vaga lá no Céu)
Ah, irmã, deixa disso
Minha grana só vai dar pra te levar pra ir rezar lá num motel
(Ai, senhor, olha onde eu vim parar!)
Ah, relaxa, meu amor... Ajoelhou?
Então, vai ter que rezar!

[Refrão]
2345-meia-78
Tá na hora de molhar o biscoito
Eu tô no osso, mas eu não me canso
Tá na hora de afogar o ganso

(Ai, isso é tentação do Capeta!)
Cala a boca, mulher! Vem fazer o canguru-perneta

[Refrão]
2345-meia-78
Tá na hora de molhar o biscoito
Eu tô no osso, mas eu não me canso
Tá na hora de afogar o ganso2Embed"
Outra Vez,Elizeth Cardoso,velha guarda,0.138,0.885,0.594,0.57,-14.985,0,0.037,0.126,99.134,"Outra Vez LyricsOutra vez, sem você
Outra vez, sem amor
Outra vez vou sofrer vou chorar
Até voce voltar!
Outra vez vou vagar
Por ai,pra esquecer,outra vez
Vou falar mal do mundo
Até voce voltar!
Todo mundo me pergunta
Porque eu ando triste assim
Ninguem sabe o que é q eu sinto
Com voce longe de mim
Vejo o sol quando ele sai
Vejo a chuva quando cai
Tudo agora é só tristeza!
Traz saudades de voce...You might also likeEmbed"
Mascarada,Zé Keti,"bossa nova,mpb,pagode,samba,velha guarda",0.49,0.413,0.557,0.759,-11.952,2.6e-05,0.138,0.376,83.242,"Miód i cukier Lyrics[Zwrotka 1: Pono]
Cały czas wjazd z hitem, życie płynie, ZIP jest ZIP-em
Jest pomysł na płytę, płyta jest tego wynikiem
Żaden ZIP nie jest typem, co chciałby się przylansować
ZIP dlatego jest ZIP-em, bo z bitem lubi rymować
Niejeden próbował z ZIP-ami się zaprzyjaźnić
Niejeden cukrował, przez co sam się tylko zbłaźnił
Niejeden żałował, bo prowokował i drażnił
Nieudacznik motywował się tym, że jest kimś ważnym
Trzaśnij (Trzaśnij), jak masz mieć jakieś pretensje
Każdy ma koneksje, pozdrawiamy konkurencje
Liczą się intencje, a nie same referencje
Też trzeba mieć odwagę, żeby wygłosić recenzje
A ty jak chcesz, możesz dalej strugać głupa
Miód, cukier, cukier, aby do celu po trupach
Słuchaj i się ucz jak ja i moja grupa
Traktujemy z góry te karykatury tutaj
[Refren: Sokół]
Miód, cukier, cukier
Cukier, miód, miód
Miód, cukier, cukier
Cukier, miód, miód

[Zwrotka 2: Sokół]
Nieszczery uśmiech to nie nasz kierunek
ZIP Skład, Sokół, Pono, Deszczu, wzajemny szacunek
Jebać wizerunek, make-up i maskaradę
Zarzuć mi coś, chuj na to kładę
Jestem sobą zawsze i nie udaję
Płaszczysz się przed nami jak złotówka pod tramwajem
Za to kurwisz na nas, kiedy nie słyszymy
Życzę zdrowia dla ciebie i całej rodziny
Nigdy do udawania nie czułem mięty
Żyję dla bliskich swoich, nie dla legendy
Ja w różowym swetrze nadal będę mężczyzną
A pizda ze złotą ketą nadal jest pizdą
Sierotko, chyba powoli się w tym gubisz
Bardziej naturalny niż ty jest już Rubik
Rób, jak lubisz, dupolizie na salonach
Miód i cukier, i klepanie po ramionach (Ta)

[Refren: Sokół]
Miód, cukier, cukier
Cukier, miód, miód
Miód, cukier, cukier
Cukier, miód, miódYou might also likeEmbed"
Batida Diferente,Roberto Menescal E Seu Conjunto,bossa nova,0.319,0.645,0.615,0.895,-17.829,0.000437,0.0621,0.0878,89.776,
Samba Sem Balanço,Johnny Alf,"bossa nova,choro,mpb,samba,samba-jazz,velha guarda",0.678,0.483,0.694,0.893,-6.271,0.00067,0.0429,0.107,95.842,
Chega de Saudade,João Gilberto,"bossa nova,brazilian jazz,cool jazz,jazz guitar,mpb,samba,violao",0.237,0.743,0.51,0.635,-16.021,0,0.034,0.176,87.813,"Chega de Saudade Lyrics[Letra de ""Chega de Saudade"" com João Gilberto]

[Pré-Refrão]
Vai minha tristeza
E diz a ela que sem ela não pode ser
Diz-lhe numa prece que ela regresse
Porque eu não posso mais sofrer

[Refrão]
Chega de saudade
A realidade é que sem ela não há paz
Não há beleza, é só tristeza e melancolia
Que não sai de mim, não sai de mim, não sai
[Pós-Refrão]
Mas se ela voltar, se ela voltar
Que coisa linda, que coisa louca
Pois há menos peixinhos a nadar no mar
Do que os beijinhos que eu darei na sua boca

[Verso]
Dentro dos meus braços
Os abraços hão de ser milhões de abraços
Apertado assim, colado assim, calado assim
Abraços e beijinhos e carinhos sem ter fim
Que é pra acabar com esse negócio de viver longe de mim

[Pré-Refrão]
Vai minha tristeza
E diz a ela que sem ela não pode ser
Diz-lhe numa prece que ela regresse
Porque eu não posso mais sofrer

[Refrão]
Chega de saudade
A realidade é que sem ela não há paz
Não há beleza, é só tristeza e melancolia
Que não sai de mim, não sai de mim, não sai

[Pós-Refrão]
Mas se ela voltar, se ela voltar
Que coisa linda, que coisa louca
Pois há menos peixinhos a nadar no mar
Do que os beijinhos que eu darei na sua boca
You might also like[Refrão]
Dentro dos meus braços
Os abraços hão de ser milhões de abraços
Apertado assim, colado assim, calado assim
Abraços e beijinhos e carinhos sem ter fim
Que é pra acabar com esse negócio de viver longe de mim

[Saída]
Não quero mais esse negócio de você viver assim
Vamos deixar desse negócio de você viver sem mim4Embed"
Sobre O Amor E Seu Trabalho Silencioso,Céu,"bossa nova,brazilian indie,mpb,nova mpb",0.17,0.877,0.781,0.955,-16.867,2.09e-05,0.119,0.0819,92.729,"Sobre o Amor e seu Trabalho Silencioso LyricsVai pegar feito bocejo
O que só o sentido vê
Instigado num lampejo
Despertado pelo beijo
Que o baile parou pra ver

Da marchinha fez silêncio
Num silêncio escutei
Uma disritmia em meu coração
Que se instalou de vezYou might also likeEmbed"
Samba D,The Ipanemas,"bossa nova,samba-jazz",0.494,0.811,0.734,0.837,-12.798,0.856,0.0556,0.138,159.999,"Flow Desaparecido Lyrics[Testo di: “Flow Desaparecido” ft. Garibaldi & Anco Marcio]

[Intro]
Asko made it hoe

[Strofa 1: Garibaldi]
Scendo all’aeroporto in una terra lontana
Seguirò tutti i cartelli, per Calì e per Tijuana
Evado come il Chapo, combatto come il Chaco
Rivolta a Cochabamba poi pippi coca, bamba
Sei una casa di fango infatti poi ti sfaldi
Scrivo rime dai due mondi, sono Garibaldi
Oggi brilla a Rio la luce del Carneval (oh)
La tipa è Seleção, quindi prendi il palo (oh)
Versami, ti prego, un litro di Mezcàl (oh)
Puoi chiamarmi Frida da quanto ne calo
Non sono dopato, corro mezza maratona
Scrivo con Mano de Dios, Garibaldi Maradona
Tu vuoi fottere lo zio ma sei un pendejo
Ho la pelle di giaguaro come un azteco
Scrivo barre in 4K quindi cambia il Mivar
Faccio a fette il beat: spada di Simón Bolívar
Niente plata ho scеlto plomo, quindi Pablo spara
“Hasta la victoria siempre” come Chе Guevara
Bodega Fin del Mundo dritto in gola dalla grolla
Ballo un tango con la morte, chiamami Astori Piazzolla
Ho un flusso d’argento, flow dal Rio de la Plata
Ti metti contro me? Cronaca di una morte annunciata
Una via d’uscita lo sai, amico, qui non c’è
Come chi si oppose al regime di Pinochet
[Bridge: Anco Marcio]
Madre mia que bien
Estoy contigo MC
Soy Anco Marcio

[Strofa 2: Anco Marcio]
Vamos a la playa, sabbia bianca nella baia
Cocco e papaya, non è la terra dei Maya
Siamo nel profondo Sud, Ande e poi Terra del Fuoco
Senti questo mood, questo clima un poco loco
Su una spiaggia di Bahia sorseggiando una tequila
Tra due tiri di maria e la voce di Shakira
Una bella brasiliana balla samba seminuda
Con il vento a tramontana sembra un verso di Neruda
Il caldo t'accompagna, sotto questo sole brucio
Taglio la picanha, sembro un po' Fontana Lucio
Tra due palme e due liane son cullato da un’amaca
Sogno terre peruviane, sogno il lago Titicaca
Mentre nelle tende, narrano antiche leggende
Sogno Salvador Allende, este pueblo non si arrende
Sul bordo dei vulcani getto i miei pensieri strani
Come sacrifici umani degli Incas precolombiani
Poi si passa con cautela in un locale di Caracas
Nel cuore del Venezuela tra i mojito e le maracas
Spendo soldi al banco, compro col mio portafoglio
Un vestito bianco, mi sento Jorge Bergoglio
Di Stéfano Alfredo, lui coi Blancos era il re
Ma qui giran lo spiedo con la maglia di Pelé
Parlo sottovoce per lasciare il clima intonso
Qua il tempo scorre veloce, sì come Fernando Alonso
Con un sigaro di Avana qui mi sento come a casa
Sulle note di Santana o che suoni ""El Cóndor Pasa""
Buena Vista Social Club o The Girl From Ipanema
Sotto l'ombra di un baobab per sfuggire a un eritema
Suona il tango ""Un Dos Tres, cómo bailá, ¡Ay, caramba!""
Danzano a Buenos Aires ballerini su una gamba
Sento l'armonia del mare, guardo il cielo e sorrido
Da sto posto si scompare, come un desaparecidoYou might also likeEmbed"
Não Vou Pra Casa - Ao Vivo,João Gilberto,"bossa nova,brazilian jazz,cool jazz,jazz guitar,mpb,samba,violao",0.212,0.923,0.619,0.597,-13.586,0.0928,0.0636,0.956,85.187,
Chega de Saudade - Ao Vivo,João Gilberto,"bossa nova,brazilian jazz,cool jazz,jazz guitar,mpb,samba,violao",0.267,0.922,0.667,0.195,-14.323,0.00551,0.0722,0.989,87.363,
Farolito - Ao Vivo,João Gilberto,"bossa nova,brazilian jazz,cool jazz,jazz guitar,mpb,samba,violao",0.112,0.926,0.476,0.383,-17.989,0.0233,0.0443,0.443,86.775,
Samba de uma Nota Só - Ao Vivo,João Gilberto,"bossa nova,brazilian jazz,cool jazz,jazz guitar,mpb,samba,violao",0.129,0.912,0.512,0.193,-14.786,0.158,0.0719,0.437,155.322,
Bahia Com H - Ao Vivo,João Gilberto,"bossa nova,brazilian jazz,cool jazz,jazz guitar,mpb,samba,violao",0.159,0.931,0.541,0.409,-16.833,0.00105,0.264,0.16,81.962,
Sinfonia do Rio de Janeiro / Copacabana - Ao Vivo,João Gilberto,"bossa nova,brazilian jazz,cool jazz,jazz guitar,mpb,samba,violao",0.128,0.919,0.486,0.237,-17.75,0.000529,0.0475,0.693,112.867,
Hino Nacional Brasileiro - Ao Vivo,João Gilberto,"bossa nova,brazilian jazz,cool jazz,jazz guitar,mpb,samba,violao",0.256,0.836,0.488,0.448,-14.701,4.52e-05,0.277,0.915,106.247,
Hino Nacional Brasileiro - Ao Vivo,João Gilberto,"bossa nova,brazilian jazz,cool jazz,jazz guitar,mpb,samba,violao",0.256,0.836,0.488,0.448,-14.701,4.52e-05,0.277,0.915,106.247,
Solidão - Ao Vivo,João Gilberto,"bossa nova,brazilian jazz,cool jazz,jazz guitar,mpb,samba,violao",0.125,0.919,0.4,0.366,-15.437,0.000622,0.0822,0.697,78.41,"Os Melhores Álbuns de 2017 da Comunidade Genius LyricsA comunidade escolheu em votação pública, e aqui estão os 40 melhores discos nacionais de 2017

No ano, foram mais de 500 lançamentos—levando em consideração apenas os contabilizados no nosso calendário—, dos mais diversos estilos, gostos, modelos e formas. Aqui, a partir de votação pública, trazemos os títulos preferidos da comunidade. Como a grande maioria dos usuários vem exclusivamente pelo rap, e não podemos deixar de fora toda gama de obras dos demais gêneros, mais uma vez dividimos entre Rap e Geral (demais categorias não-rap).

(Vale ressaltar que os álbuns que participaram da votação representam os lançados entre 16 de dezembro de 2016 e 8 de dezembro de 2017. Os lançados após esta data serão considerados para lista do próximo ano.)

Confira abaixo os 40 discos escolhidos pela galera:GERAL20. Maglore, 'Todas as Bandeiras'O principal trunfo do grupo baiano é a visível evolução na sua musicalidade. Depois de inciarem com um disco não muito inspirado ainda em 2011, passando por mais dois discos medianos, Maglore se mostra agora mais instigante, abrasiva, urgente, pronta. Políticos, as composições são retrato do momento social do país, mostrando relevância e atenção. Grande salto, importantíssimo para consagração do grupo.
—Igor França19. Mallu Magalhães, 'Vem'Após de mudar para Portugal, casar-se e dar a luz à sua primeira filha, Mallu retoma ritmos brasileiros brasileiros, passeando pelo samba—o que ainda lhe rendeu polêmicas—e MPB. É seu primeiro registro inédito em 6 anos, agora apontando uma maturidade, navegando por ritmos além-indie em busca da brasilidade em sua música.
—Igor França18. Plutão Já Foi Planeta, 'A Última Palavra Feche a Porta'Além de um nome extremamente sagaz, a banda conseguiu sucesso e angariar fãs, agora os presentando com um trabalho mais sólido, representando essa nova fase do grupo, espelhado em uma maturidade sonora e discursiva. Interessante trabalho de uma banda que se mostra promissora no cenário do pop-rock.
—Igor França17. Soledad, 'Soledad'A estreia da cearense é repleta por ótimos músicos conterrâneos, que sejam produzindo, sejam nas composições, abrilhantam sua marcante voz, empregando uma aura regional, sem isso significar limitação de alguma forma, bem ilustrada pela capa com essa atmosfera abrilhantada.
—Igor França16. Tribalistas, 'Tribalistas'O grande fenômeno do início dos anos 2000 que reuniu Arnaldo Antunes, Carlinhos Brown e Marisa Monte ressurge 15 anos depois com mais um álbum. Ligados aos tempos modernos, a campanha de lançamento teve direito a aplicação reunindo Facebook e Spotify com conteúdo exclusivo sobre as músicas e com direito a lançamento na TV Globo. Antenados, os Tribalistas se mostram ainda relevantes no mainstream e capazes de entregar um conteúdo vasto, além de sua música. Seria essa música boa? Difícil concordar.
—Igor França15. Nação Zumbi, 'Radiola NZ, Vol. 1'Um dos principais nomes do rock nacional, pioneiros do manguebit, revisitam diversos artistas, desde de Gilberto Gil com ""Refazenda"", passando por Tim Maia com ""Balanço"", até David Bowie com ""Ashes to Ashes"" e Beatles com ""Tomorrow Never Knows"". Impondo seu estilo, as releituras sempre se mostram com um ar de Nação, mostrando a originalidade reconhecida da ex-banda do lendário Chico Science.
—Igor França14. Vitor Brauer, 'Anjo Azul'Minas Gerais se mostra cada vez mais relevante no cenário musical. Brauer, fechando uma trilogia iniciada com Nosferatu e seguida por M, traz em seu spoken word o cotidiano, divagações e experiências ancoradas num som atravessado pelo experimentalismo e desvirtuação. Se pegue imerso nas mais diversas histórias e refletindo sobre diversos espectros.
—Igor França13. Cícero, 'Cícero & Albatroz'Contrário ao seu último álbum, A Praia, Cícero apresenta seu quarto disco, que extrai sentimentos do cinzento concreto da cidade. Munido de sua banda, o ""Albatroz"" do título, o registro do carioca mostra uma visão metafórica e, por certas vezes até distópica, da cidade; um artifício novo, vide a característica descritiva que suas músicas costumam ter. Mais do que nunca, neste novo trabalho, as músicas são monumentais, construídas em diversas camadas que sobrepõem uma a outra criando um cenário lúdico para as canções, renovando sua sonoridade que por muitas vezes era composta de instrumentos crus. O álbum é um suspiro novo e renovador para o som característico de Cícero, contendo até músicas felizes; algo que ouvintes de longa data do artista duvidariam. Cícero & Albatroz desvencilha-se da trilogia de discos de Cícero por mostrar uma vertente distinta de suas outras obras, uma virada na carreira do artista.
—RFLSAN12. Felipe S, 'Cabeça de Felipe'A história por trás de Cabeça de Felipe já é um atrativo à parte: o disco carrega o nome do quadro que o pai de Felipe S. fez em sua homenagem, no ano de 1987. O quadro ilustra a capa do álbum e reforça a característica íntima desse trabalho: é uma entrada ao mundo de Felipe. Vocalista da banda Mombojó, esse é seu primeiro disco solo, ainda que já se arriscasse em projetos paralelos à banda, como em Suíte Pistache (2013), disco feito em parceria com André Edipo e Missionário José. Em todos os esses projetos citados, Felipe S. é capaz de não cair na mesmice e no repeteco, é um disco que vem a acrescentar ao seu repertório e destaca-se entre as melhores produções do ano. “Anedota Yanomami” e “Santo Forte” são canções de personalidade, no entanto o destaque é para “Vão”, faixa catártica onde Felipe diz: “Vão dizer por aí que eu não sou palha, mas qualquer fogo pouco me incendeia.”
—Marta Barbieri11. Giovani Cidreira, 'Japanese Food'Se hoje estamos aqui ouvindo e falando sobre a estreia de Giovani Cidreira, não significa que ele é um mero iniciante. Vindo de uma experiência com banda, a Velotroz, o soteropolitano demonstra segurança e talento solo, num dos discos mais vigorosos do ano. Japanese Food causa confusão nas primeiras ouvidas pela ânsia de classificá-lo. “Tão anos oitenta!”, tão isso ou tão aquilo para chegarmos a conclusão de que ele é inclassificável. Uma descoberta leva a outra e ao descobrir em Giovani um potente letrista ao longo do disco, descobrimos também a potente cantora Josyara, sua dupla na canção “Pássaro de Prata”. Já nos primeiros minutos, o disco se mostra cativante, e o recado para quem ainda não ouviu é: ainda dá tempo. Giovani, em bela estreia, traz força e viço à música popular brasileira.
—Marta Barbieri10. Curumin, 'Boca'Desde 2012 sem álbum novo, Curumin se dedicou mais à produção musical nesse período, assinando diversos trabalhos—relevantes. Experiente, sua discografia, até então, com apenas três discos solo, não parece refletir seu tempo na música. Com Boca, ele volta afiado, político e atento, sempre certeiro em suas composições. Mais uma bela obra da pequena, mas importante carreira.
—Igor França9.  Otto, 'Ottomatopeia'Otto é um romântico inveterado. Se ao romantismo pode-se associar o idealismo ou a cafonice, Otto não parece temer tais adjetivos ao usar durante todo o disco a temática do amor como figura principal. Com produção de Pupillo (Nação Zumbi) e participações estreladas, como de Céu e Roberta Miranda, o cantor pernambucano reaparece em um belo retorno, após cinco anos sem músicas inéditas. Quem esteve atento durante o ano, enviou a canção “Carinhosa” para a pessoa amada anexada à mensagem de bom dia, essa que é das músicas mais bonitas e envolventes da carreira de Otto. Coerente em sua temática e sonoridade, Ottomatopeia é pra se ouvir do início ao fim e acompanhar Otto nessa balada romanceada tão necessária em tempos tenebrosos.
—Marta Barbieri8. Chico Buarque, 'Caravanas'Grande da MPB, Chico volta com mais um álbum de inéditas, sempre poético e romântico. Polêmicas à parte, sua obra precisa ser sempre mais apreciada. Flerta com ritmos atuais, canta com os netos e embala uma das mais belas canções do ano com ""As Caravanas"". É uma honra ter alguém como Chico ainda ativo e a todo vapor.
—Igor França7. Lucas Santtana, 'Modo Avião'Um dos principais nomes da música alternativa atual, o já veterano tem em seu legado o trunfo de extrair sonoridades únicas do emaranhado cultural brasileiro unindo orgânico e eletrônico, indo do MPB ao dub. Em Modo Avião, Lucas reflete sobre a sociedade atual e a liquidez dos relacionamentos modernos, o apego ao utensílios eletrônicos e agitação constante. Mais uma bela peça de sua discografia mais que consistente.
—Igor França6. Kafé, 'Kafé'Um dos fenômenos do neo-R&B nacional, as músicas de Kafé já embalam pistas desde que surgiu com seu EP em 2015, e agora em seu álbum de estreia, confirma sua pulsante musicalidade, moderna, plástica e contagiante.
—Igor França5. Xênia França, 'Xênia'A vocalista do Aláfia evoca ancestrais e elementos musicais africanos em seu disco de estreia, abusando da percussão e eletrônica, versando com o R&B, pop e MPB. O discurso político anda sempre em voga, falando sobre representatividade, empoderamento e auto-afirmação. Com as composições bem emoldurados em sua bela voz, o registro é mais uma pérola da música negra brasileira.
—Igor França4. Boogarins, 'Lá Vem a Morte'Talvez a principal banda do cenário alternativo brasileiro de renome internacional, a psicodelia do Boogarins contagia públicos países afora, com sua melodia inebriante e, aqui, com forte apelo pelo eletrônico, com novos caminhos para experimentação ao som da banda.
—Igor França3. Tim Bernardes, 'Recomeçar'O frontman d'O Terno se lança solo apresentando um lado diferente em relação à sua banda. Recomeçar nos mostra um Tim introspectivo, recluso, intimista, reflexivo e, com tudo isso, inspirado. As composições que por ora não cabem no repertório do grupo, são muito bem aceitas em um trabalho mais pessoal, próprio, individual, com incrível liberdade para se revelar.
—Igor França2. Scalene, 'magnetite'A esta altura, Scalene já é uma banda conhecida no cenário de rock nacional. Mas com uma sonoridade renovada e lírica marcante, a banda demonstra sua preocupação com a contemporaneidade em seu terceiro álbum de estúdio. magnetite se destaca em mostrar um lado antes não tão explorado nas gravações da banda: sonoridade leve e calma—com destaque para ""maré"" e ""cartão postal""—, todavia, sem deixar de apresentar letras instigadoras e metafóricas, (algo já de praxe), para o nosso dia-a-dia; tocando em feridas sociais que passam desde a hipocrisia religiosa, em ""distopia"", até a inquietação com o imposto socialmente, em ""heteronomia"". Com uma linha de pensamento incrivelmente constante, magnetite é o álbum mais político da banda, trazendo à tona questões atuais, com todo cuidado lírico e uma sonoridade de arrepiar. Com este registro, Scalene se mostra uma banda atual e que se renova a cada registro, sonora e liricamente.
—RFLSAN1. Criolo, 'Espiral de Ilusão'Um dos grandes nomes do rap nacional, Criolo é de uma inquietude imensa, e isso é apresentado aqui com um disco totalmente dedicado ao samba. Paixão que já flertava desde o incrível Nó na Orelha, de 2011, com a entrosada parceria de Ganjaman e principalmente Marcelo Cabral, o paulistano continua ácido em suas letras, agora ao som do violão, cavaquinho e cuíca. O samba e o rap ganham muito com o talento de Criolo, Ganjaman e Cabral.
—Igor França
RAP20. BK, 'Antes dos Gigantes Chegarem Vol. 1'Um EP de três faixas foi o suficiente para colocar o Bk' nesta lista. Antes dos Gigantes Chegarem Vol. 1 é apenas um aperitivo do que Bk' tem produzido, mas mesmo assim é o suficiente para saciar as vontades dos fãs de rap, que consideram ele o melhor da atualidade. O diferencial está no fato que as três faixas chegaram acompanhadas de um conjunto de videoclipes que dão mais profundidade a experiência. Convido a imaginarem ""Top Boys"" em um show ao vivo, refletir sobre as críticas feitas em ""Take Your Little Vision"" e admirar toda a segurança e habilidade de Abebe em ""Deus da Rua"". Enfim, fica a vontade por um novo disco  após o já considerado, para muitos, clássico Castelos & Ruínas (2016).
—kray19. Haikaiss, 'Teto Baixo'Depois dos bons primeiros discos de estreia, os quais alavancaram o grupo para o relativo sucesso no cenário do rap nacional, o trio resolve se enveredar no trap, vertente ascendente em todo o mundo. Assim, emplacaram ""Rap Lord"", aquela música com o speed flow do Spinardi que todo mundo fez meme e com direito a paródia do youtuber Whindersson Nunes. Lembra, né? Não é o melhor momento de sua carreira, mas os méritos precisam ser dados ao grupo que continua trilhando grandes voos na cena carente do rap brasileiro.
—Igor França18. PrimeiraMente, 'Na Mão do Palhaço'Na Mão do Palhaço marca uma nova fase do grupo PrimeiraMente, que agora conta com o novo membro NP Vocal. Apesar da ""nova"" formação, o grupo se demonstra bem entrosado, cada um acrescentando uma perspectiva diferente sobre as temáticas tratadas no disco, marcadas principalmente pelas críticas sociais - basta ver a capa para entender a ideia. O grupo também aposta em uma produção variada e que sem dúvida será explora nos shows com uma banda. Não há participações, mas os MCs do grupo não deixam a desejar nem um pouco. Mesmo que individualmente os membros do grupo tenham ganhado destaque esse ano, é como grupo que mostram mais força.
—kray17. Febem, 'Prata'Em seu segundo trabalho solo, Febem demonstra um amadurecimento em suas composições. O EP apresenta diversas nuances, passando desde momentos mais introspectivos, de contemplação e reconhecimento das importantes pessoas que passaram pela vida do MC, até faixas onde há exaltação ao seu estilo atual de vida. Muito bem produzido, essa obra vem pra elevar a label Ceia Ent., da qual o rapper é integrante, como um dos grandes selos da atualidade. 
—ProsDoc16. Eloy Polêmico, 'Dovahkiin'Muito aguardado para quem acompanhava o trabalho do Eloy, 'Dovahkiin' chegou este ano para roubar a atenção. O disco apresenta um dos MCs mais consistentes e originais da cena, um artista que não tem medo de fazer o dele, mas sem a necessidade de diminuir o outro, ficando, portanto, longe das famigeradas tretas. As faixas têm temáticas variadas que conversam entre si e que fazem críticas sociais bastante contundentes, como é o caso de ""Jardim Suspenso"" e ""Ouro de Tolo"". São várias participações, mas o protagonista é Eloy, que também ataca nas produções em boa parte do projeto. Se você não ouviu esse disco ainda, perdeu um dos melhores de 2017.
—kray15. Diomedes Chinaski, 'Ressentimentos II'O outro elo de ""Sulicídio"", Diomedes já é responsável por uma vasta discografia. Da parceria com DJ Caique para o disco do paulistano, surgiram as várias músicas que aqui formam o EP. Com forte carga sentimental, Diomedes mostra a fragilidade da mente com o fardo das frustrações e traumas. Mágoa, tristeza e decepção andam unidas e são a inspiração que impulsionaram a expositiva e profunda sequência da obra de 7 anos atrás, ainda retrato de um jovem sentido e frustrado, mas ainda mais inspirado.
—Igor França14. Sain, 'Doses de Adrenalina'Doses de Adrenalina é afirmação que 2017 foi mais um ano impecável da Pirâmide Perdida. Sain apresenta o universo do KTT de uma perspectiva bastante intimista e passional de quem é um estudante da cultura. O MC-produtor não tem medo de abrir espaço para os seus companheiros brilhar e também mostrar sua habilidade em faixas totalmente instrumentais, isso não quer dizer que Stephan não mande bem nas rimas, mas há um equilíbrio muito grande em todo o álbum. As produções audiovisuais de ""Notas"", ""Pronto"" e ""Sussurros na Fumaça"" para o disco são destaques certos. Um trabalho de estrema importância para o artista que por muito tempo foi colocado na sombra do pai Marcelo D2.
—kray13. Cartel MCs, 'Bastardos Inglórios'Com a chegada de Pelé MilFlows e Xamã, os cariocas do Cartel, liderados por Ber, apontavam para uma nova sonoridade. Fechando a ""trilogia Tarantino"", o álbum tem seus momentos altos, mas o disco em meio às suas 18 (!) faixas se perdem em certo momento em auto-reverência e pouca inspiração. O grupo se mostra ainda relevante no cenário com uma boa quantidade de fãs, mas já não tem aquele apelo que os faziam carismáticos de quando surgiram.
—Igor França12. Costa Gold, '300'Após dois anos do lançamento de um dos trabalhos mais sólidos realizados pelo Costa Gold,  300 chega para marcar o retorno do grupo paulistano à atual cena do rap, que se mostra diferente à de 2015. O momento atual, falando especificamente do rap, é amplo, aceita mais diversidade e experimentações nas obras, mas é evidente que possui espaço para a fórmula consagrada desenvolvida pelo Costa. Os fãs do grupo aguardavam ansiosamente por este trabalho e, acompanhando os comentários nas redes sociais, se mostraram bastante satisfeitos com o resultado produzido. Amando ou odiando os integrantes do grupo, é impossível negar que qualquer trabalho lançado por eles merece destaque, e o resultado dessa votação evidencia isso.
—ProsDoc11. Flora Matos, 'Eletrocardiograma'Com suas letras ora românticas, ora empoderadoras, Flora Matos se sobrepõe na cena do rap feminino, não só rimando mas também como produtora de seu próprio trabalho. Por isso, Eletrocardiograma—sucessor de Flora Matos vs Stereodubs (2009)—vem num momento especial de sua carreira. Nele, os videoclipes de “Perdendo o Juízo”, “Preta de Quebrada” e “Me Ame em Miami”, desembarcam uma nova perspectiva de produção, uma vez que as letras se assemelham e quase que propositadamente, se completam.
—Ruthe Maciel10. Menestrel, 'Relicário'Então com 17 anos (!), a estreia de Menestrel mostra sua juventude, seus conflitos pessoais, dúvidas, incertezas, certo despreparo, mas muita atitude, vontade. Uma das revelações do ano, o álbum se mostra consistente e sincero, maduro para pouca idade do rapper, que escorrega em algumas ideais pouco refletidas, mas cresce na lírica, melodia e musicalidade.
—Igor França9. Akira Presidente, 'Fa7her'Akira já é um veterano, mas talvez seja esse o disco que realmente coloque ele entre um dos MCs mais importante do cenário nacional. Fa7her é extremamente pessoal, íntimo e sincero, mas ao mesmo tempo permite ao ouvinte se identificar com as histórias, tal qual um bom filme. Bem produzido em todos os sentidos—capa, vídeos e composições—, podemos perceber o clima logo na introdução ""Contenção do Fa7her"" que chegou acompanhada de um clipe inspirado na obra do Spike Lee. As temáticas são variadas vamos da ode ao Hip Hop em ""Legítima Defesa"" à love song ""Barbie Marley"". Sem dúvida mais um excelente trabalho da Pirâmide Perdida e o melhor disco já lançado pelo Presidente.
—kray8. Rodrigo Ogi, 'Pé no Chão'Dizer que o Ogi é um grande letrista—ou cronista—dos nossos tempos não é nem um pouco inovador, mas algumas coisas precisam ser repetidas mesmo. Com apenas sete músicas, Pé no Chão consegue ser extremamente significativo e digno das homenagens de melhores do ano. As participações foram precisas, dos jovens Diomedes e Coruja ao veterano Emicida, passando pela grata surpresa Marcela Maita, dona de uma voz emocionante. Ogi, em seu trabalho, é capaz de criar diversas pontes com seu ouvinte e, assim, tocá-lo com suas narrativas. “Nuvens” é um exemplo dessa comunicação de sentimentos e até de dores divididas, enquanto “Passagem” é otimista, nos alertando pr’aquelas mudanças inevitáveis da vida. Pé no Chão é um registro de rap que anima, emociona e nos mantém em movimento.
—Marta Barbieri7. Jé Santiago, 'Re:Ciclo, Lado A'Acredito que podemos atualizar as definições de ""tomar o jogo"" para Jé Santiago, afinal em um curto intervalo de tempo o cantor-MC tomou a frente dos holofotes. Com 'Re:Ciclo, Lado A' temos uma chuva de hits. ""Tão Distante"" é uma faixa que muitos podem se identificar, ""Garotas Aman Ludmilla"" é muito divertida, ""O Que Ela Quer"" com DCazz é extremamente dançante e por aí vai. Com algumas faixas que emplacaram com o público, um belo EP e o Lado A de um disco já temos Santi aparecendo nas listas, imagina com alguns anos de carreira...
—kray6. Rincon Sapiência, 'Galanga Livre'Também muito aguardado pelos fãs do MC da Zona Leste paulista, 'Galanga Livre' colocou Rincon e o rap entre as músicas mais ouvidas da música em geral. Embora o aspecto visual que acompanhe o disco seja impecável, da capa aos clipes, são as produções recheadas de musicalidade e letras envolventes que tornam o disco viciante. ""Ponta de Lança"" é o carro chefe de deixar quem recita a música junto sem fôlego, ""A Volta Pra Casa"" é aquela história que muitos brasileiros conseguem se identificar e ""Amores às Escuras"" é uma verdadeira declaração à beleza da negra. Poderia ficar falando sem parar sobre esse disco, são muitos sentimentos envolvidos, mas a frase que encerra o disco resume bem: ""os preto é chave, abram os portões.""
—kray5. niLL, 'Regina'""Regina"" conquistou multidões não porque possui uma produção de primeira qualdiade, embora seja uma das mais interessantes, ou porque tem a melhor lírica do ""Ano Lírico"", embora algumas de suas linhas sejam extremamente marcantes, conquistou multidões pois niLL transporda sinceridade e mostra vulnerabildiade em uma cena onde a imagem transmitida é muito importante. A homenagem a sua mãe, dá nome ao disco, os áudios de WahtsApp e a produção vaporwave combinaram com as rimas e personalidades do MC que mistura isso com temáticas muito modernas, reveladas, por exemplo, no título da faixa ""Jovens Telas Trincadas"" ou ""Modo Avião"". Não há como não se identificar. Um dos álbuns de 2017 para ficar na memória por muito tempo.4. Coruja BC1, 'No Dia dos Nossos'O tão esperado Nos Dia Dos Nossos, vulgo NDDN, coloca Bauru na cena, pelo menos é isso que Coruja BC1 promete. A produção do álbum fica por conta do Skeeter, que mesmo assinando todas as faixas demonstra muita versatilidade. Coruja também manda bem nas rimas, em sua maior parte no estilo bragadoccio. As participações acrescentam bastante ao projeto, principalmente Emicida e Muzzike. Os destaques ficam para as faixas ""Django"", ""Eclesiastes"" e ""De Fã pra Fã"". Um belo lançamento da LAB FANTASMA que promete novos lançamentos em breve.3. Don L, 'Roteiro Pra Aïnouz Vol. 3'A disputa é grande para falar do Don aqui no Genius, além de ser um dos favoritos da equipe, é também incontestável entre os fãs de rap e os próprios MCs. RPA3 é um daqueles discos que transcende o próprio gênero para conquistar públicos afora. As três faixas iniciais—""Eu Não Te Amo"", ""Fazia Sentido"" e ""Aquela Fé""—formam uma sequência perfeita, quase como um disco próprio dentro do disco. Porém, Don L não para por aí. O resto do disco também mantém uma qualidade invejável. As participações se misturam de forma natural e a produção incorpora um nível de imersão muito alto ao trabalho. Ano mágico para o rap e um disco que não há dúvidas que será colocado como um clássico num futuro próximo.
—kray2. Djonga, 'Heresia'Mesmo lançado no início do ano, Heresia se mantém como um dos favoritos do ano para muitos. Djonga transmite muita energia na entrega de suas letras bastante impactantes e bastante influenciadas pelo Racionais. ""Corre das Notas"", ""Esquimó"" e ""Geminiano"" são algumas das favoritas dos fãs, ""Irmãos de Arma"" traz FBC com conselhos para Gustavo, mostrando outra perspectiva do MC, e ""O Mundo é Nosso"", embora tenha Bk' no refrão, é o palco para Djonga mostrar toda sua qualidade ao descrever a realidade crua: 'Na cintura era um celular e eles confundem com um oitão.' Um álbum para ficar na memória e na história do rap nacional.
—kray1. Baco Exu do Blues, 'Esú'""Sulicídio"" realmente mexeu com a cena, mas é Esú que realmente que veio para firmar o nome do Baco no rap nacional. Com uma capa icônica, músicas carregadas de emoções e uma temática de invejar os deuses este é sem dúvida um dos álbuns mais importantes do ano, tendo conquistado o merecido primeiro lugar nesta lista e em muitas outras. A obra é bem pensada, não abre espaço para erros e de quebra ainda entrega um dos maiores hits do ano, a faixa ""Te Amo Disgraça"". É só o começo da carreira do Baco, mas tudo indica que o MC veio para ficar por muito tempo.
—kray10Embed"
Um Abraço No Bonfá - Ao Vivo,João Gilberto,"bossa nova,brazilian jazz,cool jazz,jazz guitar,mpb,samba,violao",0.411,0.749,0.639,0.325,-10.718,0.941,0.186,0.556,169.868,
"Odete, Ouve Meu Lamento - Ao Vivo",João Gilberto,"bossa nova,brazilian jazz,cool jazz,jazz guitar,mpb,samba,violao",0.23,0.93,0.469,0.452,-14.582,0.0034,0.131,0.949,178.405,
Discussão - Ao Vivo,João Gilberto,"bossa nova,brazilian jazz,cool jazz,jazz guitar,mpb,samba,violao",0.22,0.896,0.489,0.495,-14.553,0.000189,0.0836,0.827,99.765,"Os Melhores Álbuns de 2017 da Comunidade Genius LyricsA comunidade escolheu em votação pública, e aqui estão os 40 melhores discos nacionais de 2017

No ano, foram mais de 500 lançamentos—levando em consideração apenas os contabilizados no nosso calendário—, dos mais diversos estilos, gostos, modelos e formas. Aqui, a partir de votação pública, trazemos os títulos preferidos da comunidade. Como a grande maioria dos usuários vem exclusivamente pelo rap, e não podemos deixar de fora toda gama de obras dos demais gêneros, mais uma vez dividimos entre Rap e Geral (demais categorias não-rap).

(Vale ressaltar que os álbuns que participaram da votação representam os lançados entre 16 de dezembro de 2016 e 8 de dezembro de 2017. Os lançados após esta data serão considerados para lista do próximo ano.)

Confira abaixo os 40 discos escolhidos pela galera:GERAL20. Maglore, 'Todas as Bandeiras'O principal trunfo do grupo baiano é a visível evolução na sua musicalidade. Depois de inciarem com um disco não muito inspirado ainda em 2011, passando por mais dois discos medianos, Maglore se mostra agora mais instigante, abrasiva, urgente, pronta. Políticos, as composições são retrato do momento social do país, mostrando relevância e atenção. Grande salto, importantíssimo para consagração do grupo.
—Igor França19. Mallu Magalhães, 'Vem'Após de mudar para Portugal, casar-se e dar a luz à sua primeira filha, Mallu retoma ritmos brasileiros brasileiros, passeando pelo samba—o que ainda lhe rendeu polêmicas—e MPB. É seu primeiro registro inédito em 6 anos, agora apontando uma maturidade, navegando por ritmos além-indie em busca da brasilidade em sua música.
—Igor França18. Plutão Já Foi Planeta, 'A Última Palavra Feche a Porta'Além de um nome extremamente sagaz, a banda conseguiu sucesso e angariar fãs, agora os presentando com um trabalho mais sólido, representando essa nova fase do grupo, espelhado em uma maturidade sonora e discursiva. Interessante trabalho de uma banda que se mostra promissora no cenário do pop-rock.
—Igor França17. Soledad, 'Soledad'A estreia da cearense é repleta por ótimos músicos conterrâneos, que sejam produzindo, sejam nas composições, abrilhantam sua marcante voz, empregando uma aura regional, sem isso significar limitação de alguma forma, bem ilustrada pela capa com essa atmosfera abrilhantada.
—Igor França16. Tribalistas, 'Tribalistas'O grande fenômeno do início dos anos 2000 que reuniu Arnaldo Antunes, Carlinhos Brown e Marisa Monte ressurge 15 anos depois com mais um álbum. Ligados aos tempos modernos, a campanha de lançamento teve direito a aplicação reunindo Facebook e Spotify com conteúdo exclusivo sobre as músicas e com direito a lançamento na TV Globo. Antenados, os Tribalistas se mostram ainda relevantes no mainstream e capazes de entregar um conteúdo vasto, além de sua música. Seria essa música boa? Difícil concordar.
—Igor França15. Nação Zumbi, 'Radiola NZ, Vol. 1'Um dos principais nomes do rock nacional, pioneiros do manguebit, revisitam diversos artistas, desde de Gilberto Gil com ""Refazenda"", passando por Tim Maia com ""Balanço"", até David Bowie com ""Ashes to Ashes"" e Beatles com ""Tomorrow Never Knows"". Impondo seu estilo, as releituras sempre se mostram com um ar de Nação, mostrando a originalidade reconhecida da ex-banda do lendário Chico Science.
—Igor França14. Vitor Brauer, 'Anjo Azul'Minas Gerais se mostra cada vez mais relevante no cenário musical. Brauer, fechando uma trilogia iniciada com Nosferatu e seguida por M, traz em seu spoken word o cotidiano, divagações e experiências ancoradas num som atravessado pelo experimentalismo e desvirtuação. Se pegue imerso nas mais diversas histórias e refletindo sobre diversos espectros.
—Igor França13. Cícero, 'Cícero & Albatroz'Contrário ao seu último álbum, A Praia, Cícero apresenta seu quarto disco, que extrai sentimentos do cinzento concreto da cidade. Munido de sua banda, o ""Albatroz"" do título, o registro do carioca mostra uma visão metafórica e, por certas vezes até distópica, da cidade; um artifício novo, vide a característica descritiva que suas músicas costumam ter. Mais do que nunca, neste novo trabalho, as músicas são monumentais, construídas em diversas camadas que sobrepõem uma a outra criando um cenário lúdico para as canções, renovando sua sonoridade que por muitas vezes era composta de instrumentos crus. O álbum é um suspiro novo e renovador para o som característico de Cícero, contendo até músicas felizes; algo que ouvintes de longa data do artista duvidariam. Cícero & Albatroz desvencilha-se da trilogia de discos de Cícero por mostrar uma vertente distinta de suas outras obras, uma virada na carreira do artista.
—RFLSAN12. Felipe S, 'Cabeça de Felipe'A história por trás de Cabeça de Felipe já é um atrativo à parte: o disco carrega o nome do quadro que o pai de Felipe S. fez em sua homenagem, no ano de 1987. O quadro ilustra a capa do álbum e reforça a característica íntima desse trabalho: é uma entrada ao mundo de Felipe. Vocalista da banda Mombojó, esse é seu primeiro disco solo, ainda que já se arriscasse em projetos paralelos à banda, como em Suíte Pistache (2013), disco feito em parceria com André Edipo e Missionário José. Em todos os esses projetos citados, Felipe S. é capaz de não cair na mesmice e no repeteco, é um disco que vem a acrescentar ao seu repertório e destaca-se entre as melhores produções do ano. “Anedota Yanomami” e “Santo Forte” são canções de personalidade, no entanto o destaque é para “Vão”, faixa catártica onde Felipe diz: “Vão dizer por aí que eu não sou palha, mas qualquer fogo pouco me incendeia.”
—Marta Barbieri11. Giovani Cidreira, 'Japanese Food'Se hoje estamos aqui ouvindo e falando sobre a estreia de Giovani Cidreira, não significa que ele é um mero iniciante. Vindo de uma experiência com banda, a Velotroz, o soteropolitano demonstra segurança e talento solo, num dos discos mais vigorosos do ano. Japanese Food causa confusão nas primeiras ouvidas pela ânsia de classificá-lo. “Tão anos oitenta!”, tão isso ou tão aquilo para chegarmos a conclusão de que ele é inclassificável. Uma descoberta leva a outra e ao descobrir em Giovani um potente letrista ao longo do disco, descobrimos também a potente cantora Josyara, sua dupla na canção “Pássaro de Prata”. Já nos primeiros minutos, o disco se mostra cativante, e o recado para quem ainda não ouviu é: ainda dá tempo. Giovani, em bela estreia, traz força e viço à música popular brasileira.
—Marta Barbieri10. Curumin, 'Boca'Desde 2012 sem álbum novo, Curumin se dedicou mais à produção musical nesse período, assinando diversos trabalhos—relevantes. Experiente, sua discografia, até então, com apenas três discos solo, não parece refletir seu tempo na música. Com Boca, ele volta afiado, político e atento, sempre certeiro em suas composições. Mais uma bela obra da pequena, mas importante carreira.
—Igor França9.  Otto, 'Ottomatopeia'Otto é um romântico inveterado. Se ao romantismo pode-se associar o idealismo ou a cafonice, Otto não parece temer tais adjetivos ao usar durante todo o disco a temática do amor como figura principal. Com produção de Pupillo (Nação Zumbi) e participações estreladas, como de Céu e Roberta Miranda, o cantor pernambucano reaparece em um belo retorno, após cinco anos sem músicas inéditas. Quem esteve atento durante o ano, enviou a canção “Carinhosa” para a pessoa amada anexada à mensagem de bom dia, essa que é das músicas mais bonitas e envolventes da carreira de Otto. Coerente em sua temática e sonoridade, Ottomatopeia é pra se ouvir do início ao fim e acompanhar Otto nessa balada romanceada tão necessária em tempos tenebrosos.
—Marta Barbieri8. Chico Buarque, 'Caravanas'Grande da MPB, Chico volta com mais um álbum de inéditas, sempre poético e romântico. Polêmicas à parte, sua obra precisa ser sempre mais apreciada. Flerta com ritmos atuais, canta com os netos e embala uma das mais belas canções do ano com ""As Caravanas"". É uma honra ter alguém como Chico ainda ativo e a todo vapor.
—Igor França7. Lucas Santtana, 'Modo Avião'Um dos principais nomes da música alternativa atual, o já veterano tem em seu legado o trunfo de extrair sonoridades únicas do emaranhado cultural brasileiro unindo orgânico e eletrônico, indo do MPB ao dub. Em Modo Avião, Lucas reflete sobre a sociedade atual e a liquidez dos relacionamentos modernos, o apego ao utensílios eletrônicos e agitação constante. Mais uma bela peça de sua discografia mais que consistente.
—Igor França6. Kafé, 'Kafé'Um dos fenômenos do neo-R&B nacional, as músicas de Kafé já embalam pistas desde que surgiu com seu EP em 2015, e agora em seu álbum de estreia, confirma sua pulsante musicalidade, moderna, plástica e contagiante.
—Igor França5. Xênia França, 'Xênia'A vocalista do Aláfia evoca ancestrais e elementos musicais africanos em seu disco de estreia, abusando da percussão e eletrônica, versando com o R&B, pop e MPB. O discurso político anda sempre em voga, falando sobre representatividade, empoderamento e auto-afirmação. Com as composições bem emoldurados em sua bela voz, o registro é mais uma pérola da música negra brasileira.
—Igor França4. Boogarins, 'Lá Vem a Morte'Talvez a principal banda do cenário alternativo brasileiro de renome internacional, a psicodelia do Boogarins contagia públicos países afora, com sua melodia inebriante e, aqui, com forte apelo pelo eletrônico, com novos caminhos para experimentação ao som da banda.
—Igor França3. Tim Bernardes, 'Recomeçar'O frontman d'O Terno se lança solo apresentando um lado diferente em relação à sua banda. Recomeçar nos mostra um Tim introspectivo, recluso, intimista, reflexivo e, com tudo isso, inspirado. As composições que por ora não cabem no repertório do grupo, são muito bem aceitas em um trabalho mais pessoal, próprio, individual, com incrível liberdade para se revelar.
—Igor França2. Scalene, 'magnetite'A esta altura, Scalene já é uma banda conhecida no cenário de rock nacional. Mas com uma sonoridade renovada e lírica marcante, a banda demonstra sua preocupação com a contemporaneidade em seu terceiro álbum de estúdio. magnetite se destaca em mostrar um lado antes não tão explorado nas gravações da banda: sonoridade leve e calma—com destaque para ""maré"" e ""cartão postal""—, todavia, sem deixar de apresentar letras instigadoras e metafóricas, (algo já de praxe), para o nosso dia-a-dia; tocando em feridas sociais que passam desde a hipocrisia religiosa, em ""distopia"", até a inquietação com o imposto socialmente, em ""heteronomia"". Com uma linha de pensamento incrivelmente constante, magnetite é o álbum mais político da banda, trazendo à tona questões atuais, com todo cuidado lírico e uma sonoridade de arrepiar. Com este registro, Scalene se mostra uma banda atual e que se renova a cada registro, sonora e liricamente.
—RFLSAN1. Criolo, 'Espiral de Ilusão'Um dos grandes nomes do rap nacional, Criolo é de uma inquietude imensa, e isso é apresentado aqui com um disco totalmente dedicado ao samba. Paixão que já flertava desde o incrível Nó na Orelha, de 2011, com a entrosada parceria de Ganjaman e principalmente Marcelo Cabral, o paulistano continua ácido em suas letras, agora ao som do violão, cavaquinho e cuíca. O samba e o rap ganham muito com o talento de Criolo, Ganjaman e Cabral.
—Igor França
RAP20. BK, 'Antes dos Gigantes Chegarem Vol. 1'Um EP de três faixas foi o suficiente para colocar o Bk' nesta lista. Antes dos Gigantes Chegarem Vol. 1 é apenas um aperitivo do que Bk' tem produzido, mas mesmo assim é o suficiente para saciar as vontades dos fãs de rap, que consideram ele o melhor da atualidade. O diferencial está no fato que as três faixas chegaram acompanhadas de um conjunto de videoclipes que dão mais profundidade a experiência. Convido a imaginarem ""Top Boys"" em um show ao vivo, refletir sobre as críticas feitas em ""Take Your Little Vision"" e admirar toda a segurança e habilidade de Abebe em ""Deus da Rua"". Enfim, fica a vontade por um novo disco  após o já considerado, para muitos, clássico Castelos & Ruínas (2016).
—kray19. Haikaiss, 'Teto Baixo'Depois dos bons primeiros discos de estreia, os quais alavancaram o grupo para o relativo sucesso no cenário do rap nacional, o trio resolve se enveredar no trap, vertente ascendente em todo o mundo. Assim, emplacaram ""Rap Lord"", aquela música com o speed flow do Spinardi que todo mundo fez meme e com direito a paródia do youtuber Whindersson Nunes. Lembra, né? Não é o melhor momento de sua carreira, mas os méritos precisam ser dados ao grupo que continua trilhando grandes voos na cena carente do rap brasileiro.
—Igor França18. PrimeiraMente, 'Na Mão do Palhaço'Na Mão do Palhaço marca uma nova fase do grupo PrimeiraMente, que agora conta com o novo membro NP Vocal. Apesar da ""nova"" formação, o grupo se demonstra bem entrosado, cada um acrescentando uma perspectiva diferente sobre as temáticas tratadas no disco, marcadas principalmente pelas críticas sociais - basta ver a capa para entender a ideia. O grupo também aposta em uma produção variada e que sem dúvida será explora nos shows com uma banda. Não há participações, mas os MCs do grupo não deixam a desejar nem um pouco. Mesmo que individualmente os membros do grupo tenham ganhado destaque esse ano, é como grupo que mostram mais força.
—kray17. Febem, 'Prata'Em seu segundo trabalho solo, Febem demonstra um amadurecimento em suas composições. O EP apresenta diversas nuances, passando desde momentos mais introspectivos, de contemplação e reconhecimento das importantes pessoas que passaram pela vida do MC, até faixas onde há exaltação ao seu estilo atual de vida. Muito bem produzido, essa obra vem pra elevar a label Ceia Ent., da qual o rapper é integrante, como um dos grandes selos da atualidade. 
—ProsDoc16. Eloy Polêmico, 'Dovahkiin'Muito aguardado para quem acompanhava o trabalho do Eloy, 'Dovahkiin' chegou este ano para roubar a atenção. O disco apresenta um dos MCs mais consistentes e originais da cena, um artista que não tem medo de fazer o dele, mas sem a necessidade de diminuir o outro, ficando, portanto, longe das famigeradas tretas. As faixas têm temáticas variadas que conversam entre si e que fazem críticas sociais bastante contundentes, como é o caso de ""Jardim Suspenso"" e ""Ouro de Tolo"". São várias participações, mas o protagonista é Eloy, que também ataca nas produções em boa parte do projeto. Se você não ouviu esse disco ainda, perdeu um dos melhores de 2017.
—kray15. Diomedes Chinaski, 'Ressentimentos II'O outro elo de ""Sulicídio"", Diomedes já é responsável por uma vasta discografia. Da parceria com DJ Caique para o disco do paulistano, surgiram as várias músicas que aqui formam o EP. Com forte carga sentimental, Diomedes mostra a fragilidade da mente com o fardo das frustrações e traumas. Mágoa, tristeza e decepção andam unidas e são a inspiração que impulsionaram a expositiva e profunda sequência da obra de 7 anos atrás, ainda retrato de um jovem sentido e frustrado, mas ainda mais inspirado.
—Igor França14. Sain, 'Doses de Adrenalina'Doses de Adrenalina é afirmação que 2017 foi mais um ano impecável da Pirâmide Perdida. Sain apresenta o universo do KTT de uma perspectiva bastante intimista e passional de quem é um estudante da cultura. O MC-produtor não tem medo de abrir espaço para os seus companheiros brilhar e também mostrar sua habilidade em faixas totalmente instrumentais, isso não quer dizer que Stephan não mande bem nas rimas, mas há um equilíbrio muito grande em todo o álbum. As produções audiovisuais de ""Notas"", ""Pronto"" e ""Sussurros na Fumaça"" para o disco são destaques certos. Um trabalho de estrema importância para o artista que por muito tempo foi colocado na sombra do pai Marcelo D2.
—kray13. Cartel MCs, 'Bastardos Inglórios'Com a chegada de Pelé MilFlows e Xamã, os cariocas do Cartel, liderados por Ber, apontavam para uma nova sonoridade. Fechando a ""trilogia Tarantino"", o álbum tem seus momentos altos, mas o disco em meio às suas 18 (!) faixas se perdem em certo momento em auto-reverência e pouca inspiração. O grupo se mostra ainda relevante no cenário com uma boa quantidade de fãs, mas já não tem aquele apelo que os faziam carismáticos de quando surgiram.
—Igor França12. Costa Gold, '300'Após dois anos do lançamento de um dos trabalhos mais sólidos realizados pelo Costa Gold,  300 chega para marcar o retorno do grupo paulistano à atual cena do rap, que se mostra diferente à de 2015. O momento atual, falando especificamente do rap, é amplo, aceita mais diversidade e experimentações nas obras, mas é evidente que possui espaço para a fórmula consagrada desenvolvida pelo Costa. Os fãs do grupo aguardavam ansiosamente por este trabalho e, acompanhando os comentários nas redes sociais, se mostraram bastante satisfeitos com o resultado produzido. Amando ou odiando os integrantes do grupo, é impossível negar que qualquer trabalho lançado por eles merece destaque, e o resultado dessa votação evidencia isso.
—ProsDoc11. Flora Matos, 'Eletrocardiograma'Com suas letras ora românticas, ora empoderadoras, Flora Matos se sobrepõe na cena do rap feminino, não só rimando mas também como produtora de seu próprio trabalho. Por isso, Eletrocardiograma—sucessor de Flora Matos vs Stereodubs (2009)—vem num momento especial de sua carreira. Nele, os videoclipes de “Perdendo o Juízo”, “Preta de Quebrada” e “Me Ame em Miami”, desembarcam uma nova perspectiva de produção, uma vez que as letras se assemelham e quase que propositadamente, se completam.
—Ruthe Maciel10. Menestrel, 'Relicário'Então com 17 anos (!), a estreia de Menestrel mostra sua juventude, seus conflitos pessoais, dúvidas, incertezas, certo despreparo, mas muita atitude, vontade. Uma das revelações do ano, o álbum se mostra consistente e sincero, maduro para pouca idade do rapper, que escorrega em algumas ideais pouco refletidas, mas cresce na lírica, melodia e musicalidade.
—Igor França9. Akira Presidente, 'Fa7her'Akira já é um veterano, mas talvez seja esse o disco que realmente coloque ele entre um dos MCs mais importante do cenário nacional. Fa7her é extremamente pessoal, íntimo e sincero, mas ao mesmo tempo permite ao ouvinte se identificar com as histórias, tal qual um bom filme. Bem produzido em todos os sentidos—capa, vídeos e composições—, podemos perceber o clima logo na introdução ""Contenção do Fa7her"" que chegou acompanhada de um clipe inspirado na obra do Spike Lee. As temáticas são variadas vamos da ode ao Hip Hop em ""Legítima Defesa"" à love song ""Barbie Marley"". Sem dúvida mais um excelente trabalho da Pirâmide Perdida e o melhor disco já lançado pelo Presidente.
—kray8. Rodrigo Ogi, 'Pé no Chão'Dizer que o Ogi é um grande letrista—ou cronista—dos nossos tempos não é nem um pouco inovador, mas algumas coisas precisam ser repetidas mesmo. Com apenas sete músicas, Pé no Chão consegue ser extremamente significativo e digno das homenagens de melhores do ano. As participações foram precisas, dos jovens Diomedes e Coruja ao veterano Emicida, passando pela grata surpresa Marcela Maita, dona de uma voz emocionante. Ogi, em seu trabalho, é capaz de criar diversas pontes com seu ouvinte e, assim, tocá-lo com suas narrativas. “Nuvens” é um exemplo dessa comunicação de sentimentos e até de dores divididas, enquanto “Passagem” é otimista, nos alertando pr’aquelas mudanças inevitáveis da vida. Pé no Chão é um registro de rap que anima, emociona e nos mantém em movimento.
—Marta Barbieri7. Jé Santiago, 'Re:Ciclo, Lado A'Acredito que podemos atualizar as definições de ""tomar o jogo"" para Jé Santiago, afinal em um curto intervalo de tempo o cantor-MC tomou a frente dos holofotes. Com 'Re:Ciclo, Lado A' temos uma chuva de hits. ""Tão Distante"" é uma faixa que muitos podem se identificar, ""Garotas Aman Ludmilla"" é muito divertida, ""O Que Ela Quer"" com DCazz é extremamente dançante e por aí vai. Com algumas faixas que emplacaram com o público, um belo EP e o Lado A de um disco já temos Santi aparecendo nas listas, imagina com alguns anos de carreira...
—kray6. Rincon Sapiência, 'Galanga Livre'Também muito aguardado pelos fãs do MC da Zona Leste paulista, 'Galanga Livre' colocou Rincon e o rap entre as músicas mais ouvidas da música em geral. Embora o aspecto visual que acompanhe o disco seja impecável, da capa aos clipes, são as produções recheadas de musicalidade e letras envolventes que tornam o disco viciante. ""Ponta de Lança"" é o carro chefe de deixar quem recita a música junto sem fôlego, ""A Volta Pra Casa"" é aquela história que muitos brasileiros conseguem se identificar e ""Amores às Escuras"" é uma verdadeira declaração à beleza da negra. Poderia ficar falando sem parar sobre esse disco, são muitos sentimentos envolvidos, mas a frase que encerra o disco resume bem: ""os preto é chave, abram os portões.""
—kray5. niLL, 'Regina'""Regina"" conquistou multidões não porque possui uma produção de primeira qualdiade, embora seja uma das mais interessantes, ou porque tem a melhor lírica do ""Ano Lírico"", embora algumas de suas linhas sejam extremamente marcantes, conquistou multidões pois niLL transporda sinceridade e mostra vulnerabildiade em uma cena onde a imagem transmitida é muito importante. A homenagem a sua mãe, dá nome ao disco, os áudios de WahtsApp e a produção vaporwave combinaram com as rimas e personalidades do MC que mistura isso com temáticas muito modernas, reveladas, por exemplo, no título da faixa ""Jovens Telas Trincadas"" ou ""Modo Avião"". Não há como não se identificar. Um dos álbuns de 2017 para ficar na memória por muito tempo.4. Coruja BC1, 'No Dia dos Nossos'O tão esperado Nos Dia Dos Nossos, vulgo NDDN, coloca Bauru na cena, pelo menos é isso que Coruja BC1 promete. A produção do álbum fica por conta do Skeeter, que mesmo assinando todas as faixas demonstra muita versatilidade. Coruja também manda bem nas rimas, em sua maior parte no estilo bragadoccio. As participações acrescentam bastante ao projeto, principalmente Emicida e Muzzike. Os destaques ficam para as faixas ""Django"", ""Eclesiastes"" e ""De Fã pra Fã"". Um belo lançamento da LAB FANTASMA que promete novos lançamentos em breve.3. Don L, 'Roteiro Pra Aïnouz Vol. 3'A disputa é grande para falar do Don aqui no Genius, além de ser um dos favoritos da equipe, é também incontestável entre os fãs de rap e os próprios MCs. RPA3 é um daqueles discos que transcende o próprio gênero para conquistar públicos afora. As três faixas iniciais—""Eu Não Te Amo"", ""Fazia Sentido"" e ""Aquela Fé""—formam uma sequência perfeita, quase como um disco próprio dentro do disco. Porém, Don L não para por aí. O resto do disco também mantém uma qualidade invejável. As participações se misturam de forma natural e a produção incorpora um nível de imersão muito alto ao trabalho. Ano mágico para o rap e um disco que não há dúvidas que será colocado como um clássico num futuro próximo.
—kray2. Djonga, 'Heresia'Mesmo lançado no início do ano, Heresia se mantém como um dos favoritos do ano para muitos. Djonga transmite muita energia na entrega de suas letras bastante impactantes e bastante influenciadas pelo Racionais. ""Corre das Notas"", ""Esquimó"" e ""Geminiano"" são algumas das favoritas dos fãs, ""Irmãos de Arma"" traz FBC com conselhos para Gustavo, mostrando outra perspectiva do MC, e ""O Mundo é Nosso"", embora tenha Bk' no refrão, é o palco para Djonga mostrar toda sua qualidade ao descrever a realidade crua: 'Na cintura era um celular e eles confundem com um oitão.' Um álbum para ficar na memória e na história do rap nacional.
—kray1. Baco Exu do Blues, 'Esú'""Sulicídio"" realmente mexeu com a cena, mas é Esú que realmente que veio para firmar o nome do Baco no rap nacional. Com uma capa icônica, músicas carregadas de emoções e uma temática de invejar os deuses este é sem dúvida um dos álbuns mais importantes do ano, tendo conquistado o merecido primeiro lugar nesta lista e em muitas outras. A obra é bem pensada, não abre espaço para erros e de quebra ainda entrega um dos maiores hits do ano, a faixa ""Te Amo Disgraça"". É só o começo da carreira do Baco, mas tudo indica que o MC veio para ficar por muito tempo.
—kray10Embed"
Ave Maria - Ao Vivo,João Gilberto,"bossa nova,brazilian jazz,cool jazz,jazz guitar,mpb,samba,violao",0.142,0.889,0.397,0.159,-15.745,0.00162,0.0481,0.396,88.133,
Carnaval da Vitória - Ao Vivo,João Gilberto,"bossa nova,brazilian jazz,cool jazz,jazz guitar,mpb,samba,violao",0.174,0.959,0.571,0.499,-17.94,0.0252,0.447,0.755,135.05,
Doralice - Ao Vivo,João Gilberto,"bossa nova,brazilian jazz,cool jazz,jazz guitar,mpb,samba,violao",0.302,0.916,0.53,0.795,-12.784,0.0129,0.393,0.605,167.199,
Recife Cidade Lendária - Ao Vivo,João Gilberto,"bossa nova,brazilian jazz,cool jazz,jazz guitar,mpb,samba,violao",0.112,0.916,0.499,0.225,-16.601,7.58e-05,0.0437,0.922,101.341,
Aos Pés da Cruz - Ao Vivo,João Gilberto,"bossa nova,brazilian jazz,cool jazz,jazz guitar,mpb,samba,violao",0.228,0.9,0.448,0.436,-16.851,0.000341,0.143,0.387,140.07,
No Surprises,Radiohead,"alternative rock,art rock,melancholia,oxford indie,permanent wave,rock",0.393,0.0577,0.255,0.118,-10.654,0.00361,0.0278,0.113,76.426,"No Surprises Lyrics[Verse 1]
A heart that's full up like a landfill
A job that slowly kills you
Bruises that won't heal
You look so tired, unhappy
Bring down the government
They don't, they don't speak for us
I'll take a quiet life
A handshake of carbon monoxide

[Chorus]
And no alarms and no surprises
No alarms and no surprises
No alarms and no surprises
Silent, silent
[Verse 2]
This is my final fit
My final bellyache with

[Chorus]
No alarms and no surprises
No alarms and no surprises
No alarms and no surprises, please

[Verse 3]
Such a pretty house
And such a pretty garden

[Chorus]
No alarms and no surprises
(Get me out of here)
No alarms and no surprises
(Get me out of here)
No alarms and no surprises, please
(Get me out of here)You might also like110Embed"
Former Self,Nation of Language,"alternative dance,brooklyn indie,indie rock",0.439,0.877,0.554,0.522,-11.788,0.708,0.0348,0.127,179.882,"Former Self LyricsHope, un-pardoned on the shore
Logged in volumes locked in drawers
My former self says I could ask for more

Away from you
I cover it well
But I may crumble
I can't stop myself
A careful world
Something to guide my soul
A way forward
Song, enrapture and unfurl
Love, remand me to the floor
Lay my head back
Candlelight for warmth
My former self says I could be someone

Away from you
I cover it well
But I may crumble
I can't stop myself
A careful world
Something to guide my soul
A way forward

Lay my head back
Quiet hands at work
My former self says
I could ask for more

Away from you
I cover it well
But I may crumble
I can't stop myself
A careful world
Something to guide my soul
A way forwardYou might also likeEmbed"
La Pesca,Ataque de Caspa,spanish noise pop,0.836,0.000197,0.275,0.203,-6.943,2.81e-06,0.0755,0.613,159.352,"La pesca LyricsSupongamos, por ejemplo
Que una galerna destroza una parte importante
De la flota de bajura del Cantábrico

¿Cuál será el efecto
Sobre el mercado de sardinas
La destrucción de parte de los barcos?

Puede considerarse
Una disminución de lo ofrecido
En el equilibrio final
Se consume menos y se paga más
Supongamos, por ejemplo
Que una galerna destroza una parte importante
De la flota de bajura del Cantábrico

¿Cuál será el efecto
Sobre el mercado de sardinas
La destrucción de parte de los barcos?

Puede considerarse
Una disminución de lo ofrecido
En el equilibrio final
Se consume menos y se paga más

Puede considerarse
Una disminución de lo ofrecido
En el equilibrio final
Se consume menos y se paga másYou might also like1Embed"
"¡Oh, Algoritmo! (feat. Noga Erez)",Jorge Drexler,"cantautor,latin afrobeat,latin alternative,rock en espanol",0.594,0.0994,0.848,0.855,-9.179,0,0.071,0.224,102.996,"¡Oh, Algoritmo! Lyrics[Letra de ""¡Oh, Algoritmo!"" ft. Nora Erez]

[Refrán: Jorge Drexler]
¿Quién quiere que yo quiera lo que creo que quiero?
¿Quién quiere que yo quiera lo que creo que quiero?
¿Quién quiere que yo quiera lo que creo que quiero?
¿Quién quiere que yo quiera lo que creo que quiero?
¿Quién quiere que yo quiera lo que creo que quiero?
¿Quién quiere que yo quiera lo que creo que quiero?

[Estribillo: Jorge Drexler]
Dime qué debo cantar
Oh, algoritmo
Sé que lo sabes mejor
Incluso que yo mismo
[Verso 1: Nora Erez]
Wait, what's that money that you spent?
What's that sitting on your plate?
Do you want what you've been fed?
Are you the fish or bait?
Mmm, I'm on the top of the roof and I feel like a jail
Rather not pay the bail
To dangerous people with blood on their faces
So I'm sharing a cell with the masses
The underground always strive for the main
Streaming like Grande's big-ass ring
Screaming: I'll write you out my will
Conscious is free, but not the will
Conscious is free, but not the will

[Pre-Estribillo: Nora Erez]
So if you want me to want what I believe that I want
Can I choose to quit?

[Estribillo: Jorge Drexler]
Dime qué debo cantar
Oh, algoritmo
Sé que lo sabes mejor
Incluso que yo mismo

[Verso 2: Jorge Drexler]
Por ejemplo, esta canción
¿Qué algoritmo la parió?
Me pregunto si fui yo
¿La elegiste o te eligió?
You might also like[Verso 3: Jorge Drexler]
Dios era la letra chica al final del papel
Ya no contamos con Él
Fin de la Luna de miel
Y el libre albedrío es un cauce vacío
Un barco que no tiene río
Ni timonel

[Verso 4: Jorge Drexler]
Todos aplauden, tú también
Pero no queda claro quién
Tiene del mango a la sartén
Del sacrificio
Piel o silicio
Y el precipicio
Dice: Ven, ven, ven

[Refrán: Jorge Drexler]
¿Quién quiere que yo quiera lo que creo que quiero?
¿Quién quiere que yo quiera lo que creo que quiero?
¿Quién quiere que yo quiera lo que creo que quiero?
(Dime qué debo cantar)
¿Quién quiere que yo quiera lo que creo que quiero?
¿Quién quiere que yo quiera lo que creo que quiero?
(Oh, algoritmo)
¿Quién quiere que yo quiera lo que creo que quiero?
(Sé que lo sabes mejor)
¿Quién quiere que yo quiera lo que creo que quiero?
¿Quién quiere que yo quiera lo que creo que quiero?
(Incluso que yo mismo)
¿Quién quiere que yo quiera lo que creo que quiero?
(Dime qué debo cantar)
¿Quién quiere que yo quiera lo que creo que quiero?
¿Quién quiere que yo quiera lo que creo que quiero?
(Oh, algoritmo)
¿Quién quiere que yo quiera lo que creo que quiero?
(Sé que lo sabes mejor)
¿Quién quiere que yo quiera lo que creo que quiero?
¿Quién quiere que yo quiera lo que creo que quiero?
(Incluso que yo mismo)
¿Quién quiere que yo quiera lo que creo que quiero?
(Wow)Embed"
El negro Zumbon,Katyna Ranieri,vintage italian pop,0.519,0.774,0.88,0.965,-15.798,6.58e-06,0.0824,0.0773,110.453,
